,_id,artist_family_name,artist_given_name,artist_id,artwork_id,birth_year,compressed_url,creation_year_end,creation_year_start,death_year,dimension,display_name,full_image_url,genre,intro,last_name,location,main_objects,medium,mediums,movements,nationality,object_tags,original_url,other_objects,overview,source,style,style_tags,surfaces,tag_id,tags,theme,theme_tags,thumbnail_url,title
0,671ab10330a4d989185cee04,Frediani,Vincenzo,16.0,ARTIC-036eafef-d2fe-f7fb-2450-98660b0a49f9,1485.0,https://aicurator.blob.core.windows.net/artwork-images/compressed/ARTIC-036eafef-d2fe-f7fb-2450-98660b0a49f9.jpg,1495.0,1485.0,1505.0,52 × 47.2 cm (20 1/2 × 18 9/16 in.); Framed: 70.5 × 68.6 × 12.1 cm (27 3/4 × 27 × 4 3/4 in.),"Vincenzo Frediani (Italian, 1485-1505)",https://www.artic.edu/iiif/2/036eafef-d2fe-f7fb-2450-98660b0a49f9/full/max/0/default.jpg,Painting,A serene depiction of the nativity scene.,,['Florence'],"{'Angels': 'Two angels surround the Christ Child, portrayed with reverence, embodying spiritual guardianship.', 'Christ Child': 'Seated in the foreground, the Christ Child reaches upwards, symbolizing innocence and divinity.', 'Virgin Mary': 'Kneeling in prayer, she is depicted gracefully with a serene expression, representing motherhood and devotion.'}",Tempera on panel,['Tempera'],['Renaissance'],Italian,"['Virgin Mary', 'Christ Child', 'Angels', 'Joseph']",https://aicurator.blob.core.windows.net/artwork-images/original/ARTIC-036eafef-d2fe-f7fb-2450-98660b0a49f9.jpg,['Joseph'],"The painting shows the Virgin Mary, angels, and Christ Child in an idyllic landscape. Mary is kneeling in prayer, surrounded by adoring figures, including a sleeping figure thought to be Joseph.",ARTIC,"Created in the Late Renaissance period, the artwork features a balanced composition with soft, harmonious color palettes. The figures are elegantly elongated with gentle, flowing lines. The fresco-like backdrop and attention to detail reflect the early Italian Renaissance style, emphasizing religious devotion and idyllic serenity.","['Renaissance', 'Italian Renaissance', 'Late Renaissance']",['Panel'],"[28, 373, 290, 112, 503, 510, 9, 118, 197, 125, 305]","['Renaissance', 'Italian Renaissance', 'Early Renaissance', 'Religion', 'Adoration', 'Nativity', 'Spirituality', 'Virgin Mary', 'Christ Child', 'Angels', 'Joseph']","The artwork conveys themes of divine adoration, peace, and the nativity. It captures a moment of serene worship and spiritual devotion, highlighting the innocence and sanctity of the Christ Child.","['religion', 'adoration', 'nativity', 'spirituality']",https://aicurator.blob.core.windows.net/artwork-images/thumbnails/ARTIC-036eafef-d2fe-f7fb-2450-98660b0a49f9.jpg,The Adoration of the Christ Child
1,671ab10330a4d989185ceec0,Seurat,Georges,47.0,ARTIC-1db67905-d421-95bf-1e91-4b60dd776886,1859.0,https://aicurator.blob.core.windows.net/artwork-images/compressed/ARTIC-1db67905-d421-95bf-1e91-4b60dd776886.jpg,1883.0,1883.0,1891.0,15.8 × 25.1 cm (6 1/4 × 9 7/8 in.); Framed: 54.3 × 63.9 × 6.1 cm (21 3/8 × 25 1/8 × 2 3/8 in.),"Georges Seurat (French, 1859-1891)",https://www.artic.edu/iiif/2/1db67905-d421-95bf-1e91-4b60dd776886/full/max/0/default.jpg,Painting,Pointillist study of bathers on a serene riverside.,,['France'],"{'bathers': 'Individuals enjoying the water, central to the scene, embody leisure and relaxation.', 'grass': 'Green patches along the riverbank, enhancing the natural setting and framing the scene.', 'river': 'A gently flowing river, reflecting the serene atmosphere and complementing the lush surroundings.'}",Oil on panel,['Oil'],"['Pointillism', 'Post-Impressionism']",French,"['bathers', 'river', 'grass', 'trees', 'sky', 'hats']",https://aicurator.blob.core.windows.net/artwork-images/original/ARTIC-1db67905-d421-95bf-1e91-4b60dd776886.jpg,"['trees', 'sky', 'hats']","This artwork depicts figures leisurely bathing by a riverside, surrounded by lush greenery and a clear sky. The scene captures the tranquility and simplicity of a summer day.",ARTIC,"The painting exemplifies the Pointillist technique, characteristic of Seurat's work, using small dots of color to create form and light. The color palette is soft and harmonious, with blues, greens, and earthy tones dominating. The composition is balanced, with the figures integrated seamlessly into the landscape, highlighting Seurat's focus on light and natural beauty.","['Pointillism', 'Post-Impressionism', 'Neo-Impressionism']",['Panel'],"[558, 123, 884, 93, 1, 30, 6, 1268, 29, 108, 3, 22, 601]","['Pointillism', 'Post-Impressionism', 'Neo-Impressionism', 'Leisure', 'Nature', 'Serenity', 'Harmony', 'Bathers', 'River', 'Grass', 'Trees', 'Sky', 'Hats']","The artwork celebrates leisure and the harmonious relationship between humans and nature, emphasizing the peaceful co-existence in a serene environment.","['leisure', 'nature', 'serenity', 'harmony']",https://aicurator.blob.core.windows.net/artwork-images/thumbnails/ARTIC-1db67905-d421-95bf-1e91-4b60dd776886.jpg,"Final Study for ""Bathers at Asnières"""
2,671ab10430a4d989185ceef4,Faber von Creuznach,Conrad,197.0,ARTIC-26ac1e6d-e547-0d9d-707b-7cec76babb60,1520.0,https://aicurator.blob.core.windows.net/artwork-images/compressed/ARTIC-26ac1e6d-e547-0d9d-707b-7cec76babb60.jpg,1532.0,1532.0,,50.4 × 35.7 cm (19 7/8 × 14 1/16 in.),"Conrad Faber von Creuznach (German, active about 1520-52/53)",https://www.artic.edu/iiif/2/26ac1e6d-e547-0d9d-707b-7cec76babb60/full/max/0/default.jpg,Painting,A detailed portrait capturing elegance and introspection.,,['Germany'],"{'hat': 'A broad, dark hat with elaborate details, indicating wealth and fashion of the period.', 'man': 'A man dressed in fine Renaissance clothing, exuding a sense of status and introspection.'}",Oil on panel,['Oil'],['Northern Renaissance'],German,"['man', 'hat', 'feather', 'landscape', 'river', 'hills']",https://aicurator.blob.core.windows.net/artwork-images/original/ARTIC-26ac1e6d-e547-0d9d-707b-7cec76babb60.jpg,"['feather', 'landscape', 'river', 'hills']","The portrait features a man in elaborate Renaissance attire with a dark hat adorned with feathers. A serene landscape spreads out behind him, featuring rolling hills and a river.",ARTIC,"The artwork exhibits the Northern Renaissance style, characterized by meticulous attention to detail and realistic rendering. The use of light and shadow enhances depth, while the rich colors highlight the subject's attire. The composition balances the figure in the foreground with the landscape in the background, enhancing both individuality and context. The artist's delicate brushwork and texture give the fabric and skin a lifelike quality.","['Northern Renaissance', 'realism', 'detailed', 'rich colors']",['Panel'],"[71, 2, 5, 312, 226, 50, 18, 32, 119, 341, 7, 29, 45]","['Northern Renaissance', 'Realism', 'Detailed', 'Rich Colors', 'Individuality', 'Status', 'Introspection', 'Man', 'Hat', 'Feathers', 'Landscape', 'River', 'Hills']","The portrait emphasizes status and individuality through elaborate attire and an introspective expression, indicating the subject's societal position.","['individuality', 'status', 'introspection']",https://aicurator.blob.core.windows.net/artwork-images/thumbnails/ARTIC-26ac1e6d-e547-0d9d-707b-7cec76babb60.jpg,Portrait of Fridrich Rorbach
3,671ab10430a4d989185cef34,Cezanne,Paul,236.0,ARTIC-2e166f7c-a959-d686-eeb0-a63a52a4d368,1839.0,https://aicurator.blob.core.windows.net/artwork-images/compressed/ARTIC-2e166f7c-a959-d686-eeb0-a63a52a4d368.jpg,1904.0,1899.0,1906.0,51.3 × 61.7 cm (20 3/16 × 24 1/4 in.); Framed: 69.3 × 79.7 × 8.3 cm (27 1/4 × 31 3/8 × 3 1/4 in.),"Paul Cezanne (French, 1839–1906)",https://www.artic.edu/iiif/2/2e166f7c-a959-d686-eeb0-a63a52a4d368/full/max/0/default.jpg,Painting,A serene depiction of bathers in a vibrant landscape.,,['France'],"{'bathers': 'Group of nude figures reclining and interacting on grass. Rendered with expressive brushstrokes, they capture a sense of leisure.', 'trees': 'Dense trees frame the scene, adding depth and defining the outdoor space with movement through lively brushstrokes.'}",Oil on canvas,['Oil'],['Post-Impressionism'],French,"['bathers', 'trees', 'grass', 'sky']",https://aicurator.blob.core.windows.net/artwork-images/original/ARTIC-2e166f7c-a959-d686-eeb0-a63a52a4d368.jpg,"['grass', 'sky']","The artwork depicts a group of bathers in a natural setting. They are gathered on the grass, surrounded by lush greenery and a tranquil blue sky. The figures are both relaxed and engaged, creating a harmonious scene of leisure and camaraderie in nature.",ARTIC,"This painting exhibits Post-Impressionist style, characterized by loose and expressive brushstrokes that blend and blur both figures and landscapes. Cézanne uses a rich color palette—primarily blues, greens, and earth tones—to create depth and movement within the scene, imbuing the image with a dynamic yet calm energy. The composition is balanced and structured, as Cézanne’s distinctive approach de-emphasizes detail for a holistic view, inviting viewers to appreciate the atmosphere and form.","['Post-Impressionism', 'expressive', 'vibrant', 'landscape', 'loose brushwork']",['Canvas'],"[123, 100, 20, 7, 221, 1, 93, 365, 6, 1191, 1268, 3, 108, 22]","['Post-Impressionism', 'Expressive', 'Vibrant', 'Landscape', 'Loose Brushwork', 'Nature', 'Leisure', 'Unity', 'Harmony', 'Idyllic', 'Bathers', 'Trees', 'Grass', 'Sky']","The theme revolves around human connection with nature and each other, emphasizing leisure and unity in a harmonious landscape. It suggests a timeless, idyllic retreat into the natural world.","['nature', 'leisure', 'unity', 'harmony', 'idyllic']",https://aicurator.blob.core.windows.net/artwork-images/thumbnails/ARTIC-2e166f7c-a959-d686-eeb0-a63a52a4d368.jpg,The Bathers
4,671ab10430a4d989185cef66,Crivelli,Carlo,264.0,ARTIC-35afa43f-bdb5-06b8-81c5-416927ffe8ee,,https://aicurator.blob.core.windows.net/artwork-images/compressed/ARTIC-35afa43f-bdb5-06b8-81c5-416927ffe8ee.jpg,1492.0,1482.0,1495.0,75 × 55.2 cm (29 9/16 × 21 3/4 in.); Framed: 91.4 × 72.1 × 10.2 cm (36 × 28 3/8 × 4 in.),"Carlo Crivelli (Italian, 1430/35–1495)",https://www.artic.edu/iiif/2/35afa43f-bdb5-06b8-81c5-416927ffe8ee/full/max/0/default.jpg,Painting,A profound depiction of the Crucifixion scene.,,['Italy'],"{'Jesus': 'Central figure crucified on a wooden cross, symbolizing sacrifice and central to Christian faith.', 'John': 'Located to the right, gesturing upwards in a manner that suggests a plea or prayer, representing loyalty.', 'Mary': 'Stands to the left, gazing mournfully at Jesus, conveying deep sorrow and maternal connection.'}",Tempera on panel,['Tempera'],['Renaissance'],Italian,"['Jesus', 'Mary', 'John', 'Cross', 'Skull', 'Trees', 'Buildings']",https://aicurator.blob.core.windows.net/artwork-images/original/ARTIC-35afa43f-bdb5-06b8-81c5-416927ffe8ee.jpg,"['Cross', 'Skull', 'Trees', 'Buildings']","The artwork shows Jesus on the cross, flanked by two figures, likely Mary and John, set against a rocky landscape with a distant city. The composition conveys deep sorrow and reverence.",ARTIC,"The painting is executed in the Italian Renaissance style, characterized by precise linear details and rich color saturation. The figures are carefully proportioned and the landscape is rendered with atmospheric perspective. The use of gold leaf halos adds a divine aura. Crivelli's exquisite attention to detail and texture, along with the vivid hues, create a heightened sense of realism and emotional intensity.","['Renaissance', 'Realism', 'Detailed', 'Rich color']",['Panel'],"[28, 2, 5, 312, 135, 35, 102, 1120, 120, 241, 216, 464, 3, 81]","['Renaissance', 'Realism', 'Detailed', 'Rich Colors', 'Sacrifice', 'Devotion', 'Faith', 'Sorrow', 'Christ', 'Mary', 'John', 'Cross', 'Skull', 'Trees', 'Buildings']","The artwork explores themes of sacrifice, sorrow, and devotion, centering on the Crucifixion of Jesus. The emotional expressions and gestures emphasize compassion and faith.","['Sacrifice', 'Devotion', 'Faith', 'Sorrow']",https://aicurator.blob.core.windows.net/artwork-images/thumbnails/ARTIC-35afa43f-bdb5-06b8-81c5-416927ffe8ee.jpg,The Crucifixion
5,671ab10430a4d989185cefa7,Hartley,Marsden,130.0,ARTIC-3dbc5164-36fe-36b0-0213-2198ee309f82,1877.0,https://aicurator.blob.core.windows.net/artwork-images/compressed/ARTIC-3dbc5164-36fe-36b0-0213-2198ee309f82.jpg,1917.0,1917.0,1943.0,38.7 × 49.5 cm (15 1/4 × 19 1/2 in.),"Marsden Hartley (American, 1877–1943)",https://www.artic.edu/iiif/2/3dbc5164-36fe-36b0-0213-2198ee309f82/full/max/0/default.jpg,Painting,A geometric still life with fruit and abstract forms.,,['United States'],"{'bananas': 'Positioned horizontally, they provide a visual break and connect geometrically with the surrounding shapes.', 'black plate': 'Dark, simple, and grounding, it complements the bright fruit and white geometric forms.', 'pear': 'A central, curvilinear pear rests confidently atop abstract forms, drawing focus through contrast.'}",Oil on composition board,['Oil'],"['Cubism', 'Modernism']",American,"['pear', 'bananas', 'black plate', 'geometric shapes']",https://aicurator.blob.core.windows.net/artwork-images/original/ARTIC-3dbc5164-36fe-36b0-0213-2198ee309f82.jpg,['geometric shapes'],"The artwork features a still life composition centered around a pear and bananas on a black plate, surrounded by abstract, white geometric shapes against a neutral background.",ARTIC,"Marsden Hartley employs a modernist style, emphasizing geometric abstraction. The muted color palette creates a harmonious atmosphere, while the structured composition adds dynamism to the still life setup. The use of simple forms and limited details reflect early 20th-century experimentation with Cubism and abstract art, showing influences of European avant-garde movements.","['modernism', 'abstraction', 'geometric', 'minimalism']",['Board'],"[475, 369, 386, 12, 165, 65, 6, 1133]","['Modernism', 'Abstract', 'Geometric', 'Minimalism', 'Balance', 'Simplicity', 'Harmony', 'Pear', 'Bananas', 'Black Plate', 'Geometric Shapes', 'Cubism']","The artwork explores the balance between natural forms and geometric abstraction, accentuating harmony and simplicity in everyday objects.","['balance', 'simplicity', 'abstraction', 'harmony']",https://aicurator.blob.core.windows.net/artwork-images/thumbnails/ARTIC-3dbc5164-36fe-36b0-0213-2198ee309f82.jpg,Movement No. 10
6,671ab10430a4d989185cf06a,Whistler,James,274.0,ARTIC-5888c23a-635f-396a-117b-2223032c0201,1834.0,https://aicurator.blob.core.windows.net/artwork-images/compressed/ARTIC-5888c23a-635f-396a-117b-2223032c0201.jpg,1885.0,1884.0,1903.0,13.3 × 21.9 cm (5 1/4 × 8 5/8 in.),"James McNeill Whistler (American, 1834–1903)",https://www.artic.edu/iiif/2/5888c23a-635f-396a-117b-2223032c0201/full/max/0/default.jpg,Painting,Tranquil seaside scene with bathers on a calm coast.,,['United States'],"{'bathers': 'Figures scattered along the shoreline, enjoying the water. They are depicted with minimal detail, blending into the serene surroundings.', 'sailboat': 'A solitary boat on the horizon, adding a sense of distance and quiet contemplation to the scene.', 'sea': 'Expansive stretch of water that forms the backdrop, its calmness emphasized by soft brushstrokes.'}",Oil on panel,['Oil'],['Impressionism'],American,"['bathers', 'sea', 'sailboat', 'sky', 'beach']",https://aicurator.blob.core.windows.net/artwork-images/original/ARTIC-5888c23a-635f-396a-117b-2223032c0201.jpg,"['sky', 'beach']","This artwork depicts a serene beach setting. A small group of figures, mostly bathers, are seen near the water's edge. The sea stretches into the distance, with a lone sailboat on the horizon. The sky and sea blend in muted blues, creating a soothing atmosphere.",ARTIC,"The painting employs a soft, almost ethereal color palette dominated by blues and greys, typical of Whistler's style. The brushstrokes are loose and flowing, contributing to a dreamlike quality. The composition focuses on atmosphere and mood rather than detail, aligning with the Impressionist movement. This choice enhances the serene, meditative quality of the scene, allowing viewers to immerse themselves in the tranquil coastal environment.","['Impressionism', 'Atmospheric', 'Dreamlike', 'Muted']",['Panel'],"[24, 158, 1069, 436, 93, 8, 1, 580, 1268, 160, 271, 22, 823]","['Impressionism', 'Atmospheric', 'Dreamlike', 'Muted', 'Leisure', 'Tranquility', 'Nature', 'Timelessness', 'Bathers', 'Sea', 'Sailboats', 'Sky', 'Beach']","The artwork explores themes of leisure and tranquility, emphasizing the simple pleasures of seaside life. It invites viewers to reflect on the serenity and timelessness of the natural world.","['Leisure', 'Tranquility', 'Nature', 'Timelessness']",https://aicurator.blob.core.windows.net/artwork-images/thumbnails/ARTIC-5888c23a-635f-396a-117b-2223032c0201.jpg,"Coast Scene, Bathers"
7,671ab10430a4d989185cf099,Cezanne,Paul,236.0,ARTIC-5ec2faea-0636-15d9-9c95-2fd89f85196c,1839.0,https://aicurator.blob.core.windows.net/artwork-images/compressed/ARTIC-5ec2faea-0636-15d9-9c95-2fd89f85196c.jpg,1894.0,1890.0,1906.0,22.6 × 35.4 cm (8 7/8 × 13 15/16 in.),"Paul Cezanne (French, 1839–1906)",https://www.artic.edu/iiif/2/5ec2faea-0636-15d9-9c95-2fd89f85196c/full/max/0/default.jpg,Painting,A serene portrayal of bathers amidst nature.,,['France'],"{'bathers': 'The central figures, unclothed, are depicted in various relaxed poses, embodying a natural harmony with their surroundings.', 'trees': ""Lush foliage encircles the figures, reinforcing the theme of nature's embrace and providing a backdrop of earthy tones.""}",Oil on canvas,['Oil'],['post-impressionism'],French,"['bathers', 'trees']",https://aicurator.blob.core.windows.net/artwork-images/original/ARTIC-5ec2faea-0636-15d9-9c95-2fd89f85196c.jpg,[],"The painting depicts several nude figures gathered in a lush landscape. The bathers are captured in relaxed poses, interacting gently with their surroundings. The setting is tranquil, with trees and foliage surrounding the figures, creating an atmosphere of peaceful solitude.",ARTIC,"This artwork is characterized by fluid brushstrokes and a subtle interplay of colors, which are typical of Cezanne’s post-impressionist style. The figures are simplified, emphasizing form over detail, and are integrated into the landscape, demonstrating Cezanne's approach to blending subject and environment. The use of light and shadow suggests depth, enhancing the overall cohesiveness.","['post-impressionism', 'brushstrokes', 'color palette']",['Canvas'],"[123, 621, 1, 6, 59, 1268, 3]","['Post-Impressionism', 'Brushstrokes', 'Color Palette', 'Nature', 'Harmony', 'Solitude', 'Bathers', 'Trees']","The theme focuses on the unity between humans and nature. The interconnectedness is emphasized by the fluidity between the figures and their natural surroundings, evoking a sense of harmony and timelessness.","['nature', 'harmony', 'solitude']",https://aicurator.blob.core.windows.net/artwork-images/thumbnails/ARTIC-5ec2faea-0636-15d9-9c95-2fd89f85196c.jpg,Bathers
8,671ab10530a4d989185cf515,Strigel,Bernhard,897.0,NGA-0bd962a9-fe23-4393-894c-fa01a5bb71c8,1460.0,https://aicurator.blob.core.windows.net/artwork-images/compressed/NGA-0bd962a9-fe23-4393-894c-fa01a5bb71c8.jpg,1527.0,1527.0,1528.0,"overall (visible surface, greatest height): 43 × 30 cm (16 15/16 × 11 13/16 in.)
framed: 50.01 × 37.62 × 5.08 cm (19 11/16 × 14 13/16 × 2 in.)",Bernhard Strigel,https://api.nga.gov/iiif/0bd962a9-fe23-4393-894c-fa01a5bb71c8/full/max/0/default.jpg,Painting,A noblewoman is elegantly portrayed against an ornate backdrop.,Strigel,['Germany'],"{'background': 'Consists of a patterned red fabric and a serene landscape with a tree and buildings.', 'noblewoman': 'Dressed in luxurious fabric with a chain and a hat, her calm expression exudes dignity.'}",Oil on panel,['Oil'],['Northern Renaissance'],German,"['noblewoman', 'background', 'chain', 'ring']",https://aicurator.blob.core.windows.net/artwork-images/original/NGA-0bd962a9-fe23-4393-894c-fa01a5bb71c8.jpg,"['chain', 'ring']","The portrait depicts a noblewoman adorned in elaborate attire, set against a rich, patterned red fabric. Her expression is serene, conveying a sense of dignity. In the background, a landscape view offers a glimpse of a tree and distant buildings beneath a clear sky.",NGA,"The painting exemplifies Northern Renaissance style, characterized by its precise detail and rich color palette. The intricate texture of the fabric and the woman's delicate features highlight the artist's skill in realism. The portrait's balanced composition and the detailed depiction of textiles demonstrate the influence of early Renaissance techniques.","['Northern Renaissance', 'realism', 'detailed', 'rich colors']",['Panel'],"[71, 2, 5, 312, 70, 50, 67, 826, 315, 766, 779]","['Northern Renaissance', 'Realism', 'Detailed', 'Rich Colors', 'Nobility', 'Status', 'Dignity', 'Noblewoman', 'Background', 'Chain', 'Ring']","The artwork explores themes of nobility and status. Through the careful representation of attire and composed posture, it emphasizes the subject's social standing and dignity, characteristic of portraiture from this period.","['nobility', 'status', 'dignity']",https://aicurator.blob.core.windows.net/artwork-images/thumbnails/NGA-0bd962a9-fe23-4393-894c-fa01a5bb71c8.jpg,Margarethe Vöhlin
9,671ab10530a4d989185cf5ee,Veronese,,622.0,NGA-2690f42a-19c1-47d1-95d4-49fc77d1a4dc,1528.0,https://aicurator.blob.core.windows.net/artwork-images/compressed/NGA-2690f42a-19c1-47d1-95d4-49fc77d1a4dc.jpg,1699.0,1600.0,1588.0,"overall: 102.8 x 102.4 cm (40 1/2 x 40 5/16 in.)
framed: 125.1 x 125.4 x 8.9 cm (49 1/4 x 49 3/8 x 3 1/2 in.)",Veronese,https://api.nga.gov/iiif/2690f42a-19c1-47d1-95d4-49fc77d1a4dc/full/max/0/default.jpg,Painting,A stately portrait capturing martial dignity.,Veronese,['Italy'],"{'armor': ""Highly detailed with bright highlights, it signifies military prowess and the subject's noble status."", 'man': 'The focal point, he exudes authority, clad in reflective armor with a determined, commanding expression.'}",Oil on canvas,['Oil'],['Renaissance'],Italian,"['man', 'armor', 'red curtain']",https://aicurator.blob.core.windows.net/artwork-images/original/NGA-2690f42a-19c1-47d1-95d4-49fc77d1a4dc.jpg,['red curtain'],"The artwork depicts a dignified man dressed in full armor, standing confidently. His gaze is direct, with a long beard and stern expression. A rich, red curtain serves as the backdrop, complementing the metallic sheen of the armor.",NGA,"This painting showcases the Venetian Renaissance style, characterized by its realistic depiction, fine detail, and skillful use of color. The emphasis on rich textures and the play of light on the armor highlight the subject's nobility and authority, while the smooth, meticulous brushwork enhances the overall elegance and cohesion of the composition.","['Venetian Renaissance', 'realism', 'detailed', 'rich color']",['Canvas'],"[649, 2, 5, 312, 124, 70, 74, 279, 32, 353, 1320, 28]","['Venetian Renaissance', 'Realism', 'Detailed', 'Rich Colors', 'Authority', 'Nobility', 'Martial', 'Power', 'Strength', 'Man', 'Armor', 'Red Curtain', 'Renaissance']","The theme of the painting centers on martial power and nobility, emphasizing the subject's authority and strength. The armor symbolizes war readiness, while the backdrop adds theatricality and grandeur.","['authority', 'nobility', 'martial', 'power', 'strength']",https://aicurator.blob.core.windows.net/artwork-images/thumbnails/NGA-2690f42a-19c1-47d1-95d4-49fc77d1a4dc.jpg,Agostino Barbarigo
10,671ab10530a4d989185cf7bd,Procaccini,Giulio Cesare,168.0,NGA-51da5b8c-98f9-4cba-8186-515a3cbb1f75,1574.0,https://aicurator.blob.core.windows.net/artwork-images/compressed/NGA-51da5b8c-98f9-4cba-8186-515a3cbb1f75.jpg,1620.0,1616.0,1625.0,"original canvas: 213.8 x 143.6 cm (84 3/16 x 56 1/2 in.)
overall size (lined canvas and stretcher): 216 x 146 cm (85 1/16 x 57 1/2 in.)
framed: 258.1 x 189.6 x 10.8 cm (101 5/8 x 74 5/8 x 4 1/4 in.)
gross weight (painting and frame together): 65.772 kg (145 lb.)",Giulio Cesare Procaccini,https://api.nga.gov/iiif/51da5b8c-98f9-4cba-8186-515a3cbb1f75/full/max/0/default.jpg,Painting,A divine scene capturing spiritual ecstasy.,Procaccini,['Italy'],"{'Angel with Violin': 'An angel playing a violin, symbolizing divine music and heavenly bliss.', 'Cherubs': 'Multiple cherubs around Magdalen, enhancing the celestial atmosphere and theme.', 'Mary Magdalen': 'Central figure, gazing upward in ecstasy, embodying spiritual connection and emotion.'}",Oil on canvas,['Oil'],['Baroque'],Italian,"['Mary Magdalen', 'Angel with Violin', 'Cherubs']",https://aicurator.blob.core.windows.net/artwork-images/original/NGA-51da5b8c-98f9-4cba-8186-515a3cbb1f75.jpg,[],"The artwork depicts Mary Magdalen in a state of rapture, surrounded by cherubs and angels. Magdalen's gaze is upwards, conveying a celestial connection. An angel plays the violin in the background, adding to the divine atmosphere.",NGA,"This Baroque painting uses dramatic lighting and dynamic composition to convey intense emotion. The brushstrokes are fluid, capturing movement and life within the figures. The rich, warm color palette enhances the spiritual and emotional depth, typical of Baroque aesthetics.","['Baroque', 'dramatic', 'rich color']",['Canvas'],"[10, 75, 312, 9, 248, 1148, 274]","['Baroque', 'Dramatic', 'Rich Colors', 'Spirituality', 'Ecstasy', 'Redemption', 'Saint Mary Magdalen', 'Angel With Violin', 'Cherubs']","The theme centers on spiritual enlightenment and divine ecstasy, portraying Magdalen's transcendence and connection to the divine. It emphasizes redemption and heavenly grace.","['spirituality', 'ecstasy', 'redemption']",https://aicurator.blob.core.windows.net/artwork-images/thumbnails/NGA-51da5b8c-98f9-4cba-8186-515a3cbb1f75.jpg,The Ecstasy of the Magdalen
11,671ab10630a4d989185cf815,Rubens,Peter Paul,58.0,NGA-5b1fe0fa-1bad-4820-a77e-586d8cfcd481,1577.0,https://aicurator.blob.core.windows.net/artwork-images/compressed/NGA-5b1fe0fa-1bad-4820-a77e-586d8cfcd481.jpg,1626.0,1626.0,1640.0,"overall: 65.5 x 82.4 cm (25 13/16 x 32 7/16 in.)
framed: 96.8 x 113.4 cm (38 1/8 x 44 5/8 in.)",Sir Peter Paul Rubens,https://api.nga.gov/iiif/5b1fe0fa-1bad-4820-a77e-586d8cfcd481/full/max/0/default.jpg,Painting,A vibrant biblical encounter with regal figures and cherubs.,Rubens,['Belgium'],"{'Abraham': 'Clad in armor with a red cloak, he offers bread, symbolizing honor and respect.', 'Cherubs': 'Hover above, adding a celestial touch with their playful presence.', 'Melchizedek': 'Dressed in priestly garments, he accepts the offer, signifying his spiritual authority.'}",Oil on panel,['Oil'],['Baroque'],Flemish,"['Abraham', 'Melchizedek', 'Cherubs', 'servants', 'jugs', 'soldiers', 'horse']",https://aicurator.blob.core.windows.net/artwork-images/original/NGA-5b1fe0fa-1bad-4820-a77e-586d8cfcd481.jpg,"['servants', 'jugs', 'soldiers', 'horse']","The artwork showcases a meeting between Abraham and Melchizedek. Abraham, in armor, offers bread, while Melchizedek, dressed as a priest, greets him. Surrounding them are cherubs, servants with jugs, and soldiers. Ornate architectural and decorative elements frame the scene.",NGA,"Rubens employs a dramatic Baroque style with dynamic figures and a rich color palette. The composition is lively, featuring opulent textures in the robes and architectural details. Baroque techniques such as chiaroscuro enhance the depth and drama, creating a sense of movement and theatricality.","['Baroque', 'dynamic', 'chiaroscuro', 'rich colors']",['Panel'],"[10, 114, 16, 312, 310, 38, 198, 948, 1318, 274, 912, 1378, 180, 41]","['Baroque', 'Dynamic', 'Chiaroscuro', 'Rich Colors', 'Biblical', 'Divinity', 'Leadership', 'Hospitality', 'Abraham', 'Melchizedek', 'Cherubs', 'Servants', 'Jugs', 'Soldiers', 'Horses']","The painting explores themes of hospitality, divinity, and leadership. It captures a significant biblical moment underscoring reverence and the sacred meeting of two important figures.","['biblical', 'divinity', 'leadership', 'hospitality']",https://aicurator.blob.core.windows.net/artwork-images/thumbnails/NGA-5b1fe0fa-1bad-4820-a77e-586d8cfcd481.jpg,The Meeting of Abraham and Melchizedek
12,671ab10630a4d989185cf82a,Varallo,Tanzio,1080.0,NGA-5da649ea-4e91-4331-b7b8-d84e32aaabf4,1575.0,https://aicurator.blob.core.windows.net/artwork-images/compressed/NGA-5da649ea-4e91-4331-b7b8-d84e32aaabf4.jpg,1630.0,1620.0,1633.0,"overall: 117.3 × 93.7 cm (46 3/16 × 36 7/8 in.)
framed: 145.42 × 123.19 × 7.62 cm (57 1/4 × 48 1/2 × 3 in.)",Tanzio da Varallo,https://api.nga.gov/iiif/5da649ea-4e91-4331-b7b8-d84e32aaabf4/full/max/0/default.jpg,Painting,Dramatic depiction of Saint Sebastian's martyrdom.,Tanzio da Varallo,['Italy'],"{'Angels': 'Two angels support Sebastian, symbolizing divine presence and easing his suffering.', 'Saint Sebastian': 'Central figure, wounded but serene, suggesting transcendence. He is shown with arrows piercing his body.'}",Oil on canvas,['Oil'],['Baroque'],Italian,"['Saint Sebastian', 'Angels', 'arrows', 'drapery', 'cloth', 'quiver']",https://aicurator.blob.core.windows.net/artwork-images/original/NGA-5da649ea-4e91-4331-b7b8-d84e32aaabf4.jpg,"['arrows', 'drapery', 'cloth', 'quiver']","The artwork shows Saint Sebastian, wounded by arrows, supported by two angels. His expression suggests transcendence or suffering, with rich drapery and detailed figures.",NGA,"The painting embodies the Baroque style, characterized by its dramatic intensity and dynamic composition. The use of chiaroscuro enhances the emotional tension, highlighting the luminous quality of Sebastian’s skin against the darker background. Tanzio da Varallo employs fluid brushstrokes and rich color contrasts to depict the figures’ expressive forms, emphasizing their physical and emotional states. The composition, with its strong diagonal lines and interplay of light and shadow, creates a sense of movement and immediacy, typical of Baroque aesthetics, evoking deeper emotional responses from the viewer.","['Baroque', 'chiaroscuro', 'dramatic', 'dynamic', 'rich color']",['Canvas'],"[10, 16, 75, 114, 312, 340, 102, 248, 363, 1429, 125, 857, 133, 411, 1743, 1129]","['Baroque', 'Chiaroscuro', 'Dramatic', 'Dynamic', 'Rich Colors', 'Martyrdom', 'Faith', 'Redemption', 'Suffering', 'Saint Sebastian', 'Angels', 'Arrows', 'Drapery', 'Cloth', 'Quiver']","The theme revolves around martyrdom and divine intervention. Saint Sebastian's expression and angelic presence indicate a transcendence beyond physical suffering, suggesting themes of faith, redemption, and salvation.","['martyrdom', 'faith', 'redemption', 'suffering']",https://aicurator.blob.core.windows.net/artwork-images/thumbnails/NGA-5da649ea-4e91-4331-b7b8-d84e32aaabf4.jpg,Saint Sebastian
13,671ab10630a4d989185cf83a,Roberti,Ercole,722.0,NGA-5f5c2a70-2986-483f-8e16-b43669dc3e6c,1455.0,https://aicurator.blob.core.windows.net/artwork-images/compressed/NGA-5f5c2a70-2986-483f-8e16-b43669dc3e6c.jpg,1477.0,1474.0,1496.0,"overall: 54 × 38.1 cm (21 1/4 × 15 in.)
framed: 83.82 × 66.68 × 12.7 cm (33 × 26 1/4 × 5 in.)",Ercole de' Roberti,https://api.nga.gov/iiif/5f5c2a70-2986-483f-8e16-b43669dc3e6c/full/max/0/default.jpg,Painting,A striking portrayal of noble regality.,Roberti,['Italy'],"{'landscape': 'Visible through a window, the distant landscape adds context and depth to the composition.', 'man': 'The central figure dressed in ornate clothing, exuding an air of authority and elegance.'}",Tempera on poplar panel,['Tempera'],['Renaissance'],Italian,"['man', 'landscape']",https://aicurator.blob.core.windows.net/artwork-images/original/NGA-5f5c2a70-2986-483f-8e16-b43669dc3e6c.jpg,[],"The painting depicts a side profile of a man with a serene expression, wearing a red cap and a richly embroidered golden garment. The background features an intricate landscape view through a window.",NGA,"Ercole de' Roberti employs a precise and linear style that aligns with the Italian Renaissance. His use of a refined color palette, particularly the deep reds and golds, emphasizes the subject's status and dignity. The meticulous attention to fabric details shows the artist's keen observation and skill. The composition is balanced and the depiction of the landscape adds depth and dimension, typical of Renaissance portraits.","['Renaissance', 'portrait', 'detailed', 'linear', 'rich colors']",['Panel'],"[28, 40, 5, 487, 312, 70, 74, 77, 32, 7]","['Renaissance', 'Portrait', 'Detailed', 'Linear', 'Rich Colors', 'Nobility', 'Power', 'Identity', 'Man', 'Landscape']","This artwork reflects themes of nobility, power, and the culturally rich context of the Renaissance era. It highlights the importance of status and identity through attire and bearing.","['nobility', 'Renaissance', 'power', 'identity']",https://aicurator.blob.core.windows.net/artwork-images/thumbnails/NGA-5f5c2a70-2986-483f-8e16-b43669dc3e6c.jpg,Giovanni II Bentivoglio
14,671ab10630a4d989185cf85c,Titian,,756.0,NGA-63988a66-b4cb-44b5-9c07-4a28dfe9f426,1490.0,https://aicurator.blob.core.windows.net/artwork-images/compressed/NGA-63988a66-b4cb-44b5-9c07-4a28dfe9f426.jpg,1550.0,1546.0,1576.0,"overall: 133.6 x 103.2 cm (52 5/8 x 40 5/8 in.)
framed: 160.2 x 128.9 x 9.5 cm (63 1/16 x 50 3/4 x 3 3/4 in.)",Titian,https://api.nga.gov/iiif/63988a66-b4cb-44b5-9c07-4a28dfe9f426/full/max/0/default.jpg,Painting,A powerful Venetian leader portrayed with majesty.,Titian,['Italy'],"{'Ceremonial robes': ""Intricately detailed, luxurious robes that highlight the Doge's high status and importance."", 'Doge Andrea Gritti': 'Portrayed with a stern expression, dressed in regal garments, symbolizing leadership and authority.'}",Oil on canvas,['Oil'],"['Renaissance', 'Venetian Renaissance']",Italian,"['Doge Andrea Gritti', 'Ceremonial robes', 'ceremonial cap', 'jewels', 'cloak']",https://aicurator.blob.core.windows.net/artwork-images/original/NGA-63988a66-b4cb-44b5-9c07-4a28dfe9f426.jpg,"['ceremonial cap', 'jewels', 'cloak']","The painting depicts Doge Andrea Gritti, a significant figure in Venetian history, adorned in rich, ornate robes. His expression is stern yet dignified, embodying the authority and prestige of his position. He wears a ceremonial cap and cloak, emphasizing his status.",NGA,"The style of this artwork exemplifies the Venetian Renaissance, marked by Titian's masterful use of rich, warm color palettes and soft, dynamic brushstrokes. The composition and lighting highlight the somber and authoritative tone, emphasizing the sitter's prominence. The detailed textures of the luxurious clothing and the solemn expression of the Doge, combined with the subtle background, contribute to a strong yet elegant aesthetic typical of Renaissance portraiture.","['Venetian Renaissance', 'realism', 'portrait', 'rich colors']",['Canvas'],"[649, 2, 40, 312, 124, 74, 612, 927, 433, 28]","['Venetian Renaissance', 'Realism', 'Portrait', 'Rich Colors', 'Authority', 'Power', 'Prestige', 'Doge Andrea Gritti', 'Ceremonial Robes', 'Ceremonial Cap', 'Jewels', 'Cloak', 'Renaissance']","The underlying theme is authority and power, reflecting the prestige and strength of the Venetian Republic through its representation of Doge Andrea Gritti.","['authority', 'power', 'prestige']",https://aicurator.blob.core.windows.net/artwork-images/thumbnails/NGA-63988a66-b4cb-44b5-9c07-4a28dfe9f426.jpg,Doge Andrea Gritti
15,671ab10630a4d989185cf8fa,Eakins,Thomas,66.0,NGA-7797b2c1-a444-44d6-ad8b-714f0403a7d9,1844.0,https://aicurator.blob.core.windows.net/artwork-images/compressed/NGA-7797b2c1-a444-44d6-ad8b-714f0403a7d9.jpg,1881.0,1881.0,1916.0,"overall: 114.3 × 81.8 cm (45 × 32 3/16 in.)
framed: 132.7 × 100.3 × 8.3 cm (52 1/4 × 39 1/2 × 3 1/4 in.)",Thomas Eakins,https://api.nga.gov/iiif/7797b2c1-a444-44d6-ad8b-714f0403a7d9/full/max/0/default.jpg,Painting,A soulful musical performance captured in an intimate setting.,Eakins,['United States'],"{'cellist': {'appearance': 'An older man sits in the shadows with a cello, his face partly visible.', 'role': 'Complements the music, adding depth with string undertones.'}, 'pianist': {'appearance': 'Sitting at the piano, her posture is attentive, fingers poised over the keys.', 'role': 'Provides the harmonious foundation for the singer’s performance.'}, 'woman_singer': {'appearance': 'A woman stands elegantly, holding sheet music, her expression focused and reflective.', 'role': ""Her presence centralizes the emotional weight of the song, guiding the scene's mood.""}}",Oil on canvas,['Oil'],['Realism'],American,"['woman_singer', 'pianist', 'cellist', 'piano', 'cello', 'sheet music', 'vase', 'wall painting', 'carpet']",https://aicurator.blob.core.windows.net/artwork-images/original/NGA-7797b2c1-a444-44d6-ad8b-714f0403a7d9.jpg,"['piano', 'cello', 'sheet music', 'vase', 'wall painting', 'carpet']","The artwork depicts a woman singing, accompanied by a pianist and a cellist. The scene conveys an emotional performance in a dimly lit room, enhancing a sense of nostalgia and depth.",NGA,"The painting is rendered in a Realist style, emphasizing detailed depiction and somber, rich colors. Eakins employs a delicate balance of shadow and light to highlight the figures, particularly the singer's expressive posture. The room's textures and the figures’ clothing are meticulously detailed, providing a clear sense of realism and placing the viewer within the scene. This attention to detail and composition enhances the emotional engagement of the performance.","['Realism', 'detailed', 'rich colors', 'shadow and light']",['Canvas'],"[2, 5, 312, 929, 136, 210, 149, 691, 868, 199, 384]","['Realism', 'Detailed', 'Rich Colors', 'Light And Shadow', 'Music', 'Emotion', 'Intimacy', 'Expression', 'Woman Singer', 'Pianist', 'Cellist', 'Piano', 'Cello', 'Sheet Music', 'Vase', 'Wall Painting', 'Carpet']","The theme revolves around music's intimate and emotional power. It showcases human expression through art, suggesting moments of introspection and melancholy.","['music', 'emotion', 'intimacy', 'expression']",https://aicurator.blob.core.windows.net/artwork-images/thumbnails/NGA-7797b2c1-a444-44d6-ad8b-714f0403a7d9.jpg,Singing a Pathetic Song
16,671ab10630a4d989185cf91a,Beccafumi,Domenico,1119.0,NGA-7aac9dd7-df95-4a31-8466-63532c6fb945,1485.0,https://aicurator.blob.core.windows.net/artwork-images/compressed/NGA-7aac9dd7-df95-4a31-8466-63532c6fb945.jpg,1550.0,1545.0,1551.0,"overall: 81.3 x 61.6 cm (32 x 24 1/4 in.)
framed: 106 x 85.4 x 12.7 cm (41 3/4 x 33 5/8 x 5 in.)",Domenico Beccafumi,https://api.nga.gov/iiif/7aac9dd7-df95-4a31-8466-63532c6fb945/full/max/0/default.jpg,Painting,A serene depiction of the Holy Family with angels.,Beccafumi,['Italy'],"{'Angels': 'The angels are depicted with soft, gentle features, contributing to the divine and ethereal atmosphere.', 'Infant Jesus': 'Jesus is portrayed as a playful baby, gazing upwards, reflecting innocence and divinity.', 'Joseph': 'Joseph is visible in the background, offering a protective and supportive presence.', 'Virgin Mary': 'The Virgin Mary is depicted with a serene and gentle expression, holding the infant Jesus tenderly.'}",Oil on panel,['Oil'],['Mannerism'],Italian,"['Virgin Mary', 'Infant Jesus', 'Joseph', 'Angels']",https://aicurator.blob.core.windows.net/artwork-images/original/NGA-7aac9dd7-df95-4a31-8466-63532c6fb945.jpg,[],"The painting portrays the Virgin Mary holding the infant Jesus, surrounded by angels and Joseph. The figures are bathed in a warm, divine light, creating an ethereal ambiance.",NGA,"This artwork showcases the Mannerist style through elongated figures and complex compositions, typical of Domenico Beccafumi’s work. The use of soft, blended brushstrokes and rich, harmonious colors enhances the heavenly quality. The figures’ poses and the graceful drapery of their garments contribute to a sense of elegance and divine presence.","['Mannerism', 'Elongated figures', 'Soft brushstrokes', 'Rich colors']",['Panel'],"[269, 1216, 223, 312, 38, 1505, 143, 338, 118, 240, 305, 125]","['Mannerism', 'Elongated Figures', 'Soft Brushstrokes', 'Rich Colors', 'Divinity', 'Holy Family', 'Love', 'Holiness', 'Virgin Mary', 'Infant Jesus', 'Joseph', 'Angels']","The painting explores themes of divinity, familial love, and holiness. It captures a serene and intimate moment within the Holy Family, emphasizing the nurturing and tranquil nature of their bond.","['Divinity', 'Holy Family', 'Love', 'Holiness']",https://aicurator.blob.core.windows.net/artwork-images/thumbnails/NGA-7aac9dd7-df95-4a31-8466-63532c6fb945.jpg,The Holy Family with Angels
17,671ab10630a4d989185cf972,,,1033.0,NGA-84566465-2c6a-4fd1-b933-9fb84f0cb3df,1500.0,https://aicurator.blob.core.windows.net/artwork-images/compressed/NGA-84566465-2c6a-4fd1-b933-9fb84f0cb3df.jpg,1525.0,1500.0,1599.0,overall: 155.6 x 51.7 cm (61 1/4 x 20 3/8 in.),Tyrolean 16th Century,https://api.nga.gov/iiif/84566465-2c6a-4fd1-b933-9fb84f0cb3df/full/max/0/default.jpg,Painting,A serene depiction of Saint Alban in rich ecclesiastical attire.,Tyrolean 16th Century,['Germany'],"{'Mitre': ""Elaborate bishop's headpiece, signifying ecclesiastical authority and spiritual wisdom."", 'Saint Alban': 'Central figure adorned in ornate ecclesiastical robe, symbolizing holiness and reverence.', 'Severed Head': 'Held by Saint Alban, symbolizing martyrdom and steadfast faith.'}",Oil on panel,['Oil'],['Northern Renaissance'],German,"['Saint Alban', 'Mitre', 'Severed Head', 'ornate background', 'staff']",https://aicurator.blob.core.windows.net/artwork-images/original/NGA-84566465-2c6a-4fd1-b933-9fb84f0cb3df.jpg,"['ornate background', 'staff']","The artwork portrays Saint Alban in ornate religious vestments, holding a bishop's mitre and a severed head with a serene expression. The background features intricate gilded patterns.",NGA,"This painting exemplifies early 16th-century Tyrolean religious art, characterized by detailed realism and rich color palettes. The use of gold and intricate patterns highlights the saint's holy status, while the realistic depiction of fabrics and facial features contributes to a sense of piety and reverence. The artist's detailed brushwork and use of light enhance the textures of the robes and ornate accessories, aligning with the Northern Renaissance sensitivity to detail.","['Tyrolean', 'realism', 'Northern Renaissance', 'detailed', 'rich colors']",['Panel'],"[2, 71, 5, 312, 340, 909, 102, 442, 363, 1698, 1590, 1385, 227]","['Tyrolean', 'Realism', 'Northern Renaissance', 'Detailed', 'Rich Colors', 'Martyrdom', 'Sainthood', 'Faith', 'Triumph', 'Suffering', 'Saint Alban', 'Mitre', 'Severed Head', 'Ornate Background', 'Staff']","The central theme reflects martyrdom and sainthood, showcasing Saint Alban's sanctity and the triumph of faith over earthly suffering, as symbolized by the severed head.","['martyrdom', 'sainthood', 'faith', 'triumph', 'suffering']",https://aicurator.blob.core.windows.net/artwork-images/thumbnails/NGA-84566465-2c6a-4fd1-b933-9fb84f0cb3df.jpg,Saint Alban of Mainz
18,671ab10630a4d989185cfa20,Boeckhorst,Jan,1179.0,NGA-974b5ba2-dbe1-4167-bf51-e069624fbb70,1604.0,https://aicurator.blob.core.windows.net/artwork-images/compressed/NGA-974b5ba2-dbe1-4167-bf51-e069624fbb70.jpg,1645.0,1640.0,1668.0,"overall: 34.5 x 24.2 cm (13 9/16 x 9 1/2 in.)
framed: 49.9 x 40 x 6.7 cm (19 5/8 x 15 3/4 x 2 5/8 in.)",Jan Boeckhorst,https://api.nga.gov/iiif/974b5ba2-dbe1-4167-bf51-e069624fbb70/full/max/0/default.jpg,Painting,A noble act of charity depicted with vivid detail.,Boeckhorst,['Belgium'],"{'beggar': 'A kneeling beggar, half-clothed, receives part of the red cloak, symbolizing need and humility.', 'horse': 'A white horse stands majestically, ridden by the soldier, symbolizing strength and nobility.', 'soldier': 'The soldier is in armor, seated on a white horse, dividing his red cloak for a beggar.'}",Oil on panel,['Oil'],['Baroque'],Flemish,"['soldier', 'horse', 'beggar', 'observers', 'archway', 'cityscape']",https://aicurator.blob.core.windows.net/artwork-images/original/NGA-974b5ba2-dbe1-4167-bf51-e069624fbb70.jpg,"['observers', 'archway', 'cityscape']","A soldier is mounted on a white horse, gesturing and dividing his red cloak for a kneeling beggar. Observers stand nearby beneath a city archway, all captured in dynamic motion.",NGA,"This artwork showcases Baroque characteristics with dramatic lighting and detailed brushwork. The color palette is rich, especially the vivid red of the cloak, enhancing the emotional intensity. The composition is dynamic, with fluid interactions between the figures and a sense of movement and depth.","['Baroque', 'Dynamic', 'Dramatic', 'Rich colors']",['Panel'],"[10, 114, 75, 312, 876, 183, 1325, 180, 41, 1000, 561, 375]","['Baroque', 'Dynamic', 'Dramatic', 'Rich Colors', 'Charity', 'Compassion', 'Kindness', 'Empathy', 'Soldiers', 'Horses', 'Beggar', 'Observers', 'Archway', 'Cityscape']","The painting explores the theme of charity and compassion, highlighting the noble gesture of sharing with those in need. The interaction between the soldier and the beggar emphasizes kindness and empathy.","['Charity', 'Compassion', 'Kindness', 'Empathy']",https://aicurator.blob.core.windows.net/artwork-images/thumbnails/NGA-974b5ba2-dbe1-4167-bf51-e069624fbb70.jpg,Saint Martin Dividing His Cloak
19,671ab10730a4d989185cfb29,Seurat,Georges,47.0,NGA-b1d434c3-f0d3-436b-9a76-a87f48ea4151,1859.0,https://aicurator.blob.core.windows.net/artwork-images/compressed/NGA-b1d434c3-f0d3-436b-9a76-a87f48ea4151.jpg,1884.0,1883.0,1891.0,,Georges Seurat,https://api.nga.gov/iiif/b1d434c3-f0d3-436b-9a76-a87f48ea4151/full/max/0/default.jpg,Painting,Gentle riverside scene of leisure and tranquility.,Seurat,['France'],"{'bathers': 'Figures partially immersed in water, representing everyday citizens enjoying a refreshing dip.', 'grazing land': 'Green spaces surrounding the river, forming a natural, inviting landscape.', 'river': 'A calm body of water, central to the composition, reflecting light and color.'}",Oil on wood,['Oil'],"['Impressionism', 'Neo-Impressionism', 'Post-Impressionism']",French,"['bathers', 'river', 'grazing land', 'trees', 'sailboat']",https://aicurator.blob.core.windows.net/artwork-images/original/NGA-b1d434c3-f0d3-436b-9a76-a87f48ea4151.jpg,"['trees', 'sailboat']","The artwork depicts a calm riverside with several figures, both on land and in water, enjoying a leisurely moment. Trees and grass frame the peaceful waterway, capturing a summer's day essence.",NGA,"This artwork showcases Seurat's early exploration of color and form, with visible, painterly brushstrokes hinting at his later pointillism technique. The composition is balanced, with figures and landscape elements harmoniously arranged. The color palette is naturalistic, utilizing greens, blues, and earth tones to evoke a serene atmosphere. The layering of color creates a shimmering effect on the water, enhancing the impression of sunlight and movement.","['Impressionism', 'Post-Impressionism', 'Pointillism', 'Naturalism']",['Wood'],"[24, 123, 558, 21, 93, 1, 30, 1268, 29, 3, 271, 884]","['Impressionism', 'Post-Impressionism', 'Pointillism', 'Naturalism', 'Leisure', 'Nature', 'Serenity', 'Recreation', 'Bathers', 'River', 'Grazing Land', 'Trees', 'Sailboats', 'Neo-Impressionism']","The painting explores themes of leisure and simplicity, capturing a moment of collective relaxation and the peaceful coexistence of man and nature. It conveys the joy of escaping urban life through recreation.","['leisure', 'nature', 'serenity', 'recreation']",https://aicurator.blob.core.windows.net/artwork-images/thumbnails/NGA-b1d434c3-f0d3-436b-9a76-a87f48ea4151.jpg,"Bathers (Study for ""Bathers at Asnières"")"
20,671ab10730a4d989185cfb7e,Seurat,Georges,47.0,NGA-b9301087-6e10-447e-9454-daa81d189bd5,1859.0,https://aicurator.blob.core.windows.net/artwork-images/compressed/NGA-b9301087-6e10-447e-9454-daa81d189bd5.jpg,1884.0,1883.0,1891.0,overall: 15.88 × 25.08 cm (6 1/4 × 9 7/8 in.),Georges Seurat,https://api.nga.gov/iiif/b9301087-6e10-447e-9454-daa81d189bd5/full/max/0/default.jpg,Painting,Serene riverside scene with vibrant brushstrokes.,Seurat,['France'],"{'bathers': 'Figures are seen enjoying the water, with subtle movements suggesting the leisurely pace of a summer day.', 'boats': 'Small boats with figures are depicted in the distance, adding depth and context to the river setting.', 'horse': 'A brown horse stands calmly in the river, central to the scene, embodying a peaceful and natural presence.'}",Oil on wood,['Oil'],"['Pointillism', 'Post-Impressionism']",French,"['horse', 'bathers', 'boats', 'grass', 'trees']",https://aicurator.blob.core.windows.net/artwork-images/original/NGA-b9301087-6e10-447e-9454-daa81d189bd5.jpg,"['grass', 'trees']","The painting depicts a riverside view with a horse standing in the water, people bathing and boating. The scene is set against a lush backdrop of greenery and distant figures enjoying leisure activities.",NGA,"The artwork exhibits Seurat's signature use of pointillism, with dabs of color applied in a meticulous manner. The brushstrokes are lively and create a sense of movement across the canvas. Soft, blended colors evoke a tranquil atmosphere, while the composition guides the eye fluidly from the foreground horse to the distant figures, creating depth and dimension.","['Pointillism', 'Post-Impressionism', 'Impressionism']",['Wood'],"[558, 123, 24, 93, 1, 6, 41, 1268, 106, 108, 3]","['Pointillism', 'Post-Impressionism', 'Impressionism', 'Leisure', 'Nature', 'Harmony', 'Horses', 'Bathers', 'Boats', 'Grass', 'Trees']","The artwork captures the simplicity and tranquility of leisure activities alongside nature, highlighting a harmonious interaction between humans and their environment.","['Leisure', 'Nature', 'Harmony']",https://aicurator.blob.core.windows.net/artwork-images/thumbnails/NGA-b9301087-6e10-447e-9454-daa81d189bd5.jpg,"Horse and Boats (Study for ""Bathers at Asnières"")"
21,671ab10e30a4d989185d08d2,Verdi,Francesco,1077.0,MET-e1fea273-5695-49f8-aeae-3d6cea71fb49,1494.0,https://aicurator.blob.core.windows.net/artwork-images/compressed/MET-e1fea273-5695-49f8-aeae-3d6cea71fb49.jpg,1523.0,1520.0,1557.0,34 1/4 x 26 1/2 in. (87 x 67.3 cm),Bachiacca (Francesco d'Ubertino Verdi),https://images.metmuseum.org/CRDImages/ep/original/DT8844.jpg,Painting,A tender moment between mother and child.,Verdi),['Italy'],"{'Child': 'The infant Jesus is depicted with innocence, tenderly embracing his mother, symbolizing divine love.', 'Madonna': 'Wearing a red gown, she holds the child gently, embodying maternal grace and serenity.'}",Oil and gold on wood,"['Oil', 'Gold']",['Renaissance'],Italian,"['Madonna', 'Child', 'flowers', 'rocky background', 'halo']",https://aicurator.blob.core.windows.net/artwork-images/original/MET-e1fea273-5695-49f8-aeae-3d6cea71fb49.jpg,"['flowers', 'rocky background', 'halo']","The painting depicts Madonna tenderly cradling the infant Jesus. They are seated in a natural setting, with Madonna wearing a vibrant red gown and a serene expression. The child clings lovingly to his mother.",MET,"This artwork exemplifies the High Renaissance style, characterized by its realistic representation, delicate brushwork, and rich color palette. The fine details in the drapery and facial expressions enhance the lifelike quality. The use of light and shadow creates depth, typical of the period, capturing a poignant intimacy.","['High Renaissance', 'realism', 'detailed', 'rich colors']",['Wood'],"[349, 2, 5, 312, 381, 38, 9, 170, 109, 39, 178, 28]","['High Renaissance', 'Realism', 'Detailed', 'Rich Colors', 'Maternal Love', 'Divinity', 'Spirituality', 'Madonna', 'Child', 'Flowers', 'Rocky Background', 'Halo', 'Renaissance']","The artwork conveys themes of maternal love and divine connection, illustrating the sacred bond between Madonna and Child in a serene, spiritual context.","['maternal love', 'divinity', 'spirituality']",https://aicurator.blob.core.windows.net/artwork-images/thumbnails/MET-e1fea273-5695-49f8-aeae-3d6cea71fb49.jpg,Madonna and Child
22,671ab10e30a4d989185d09d4,Lely,Peter,489.0,MET-d5fe5ba8-076c-4abb-b814-4b500ff92bd6,1618.0,https://aicurator.blob.core.windows.net/artwork-images/compressed/MET-d5fe5ba8-076c-4abb-b814-4b500ff92bd6.jpg,1662.0,1652.0,1680.0,51 1/4 x 67 in. (130.2 x 170.2 cm),Sir Peter Lely (Pieter van der Faes),https://images.metmuseum.org/CRDImages/ep/original/DP169633.jpg,Painting,Elegant portrayal of sisters in luxurious drapery.,Faes),"['Netherlands', 'United Kingdom']","{'Elizabeth': {'description': 'Seated woman with gentle expression, draped in luxurious fabric, displaying a framed flower, symbolizing elegance.'}, 'Mary Capel': {'description': 'Seated woman with alabaster skin, wearing a pearl necklace and holding a small floral wreath, exuding grace.'}}",Oil on canvas,['Oil'],['Baroque'],"Dutch, British","['Mary Capel', 'Elizabeth', 'landscape', 'curtains']",https://aicurator.blob.core.windows.net/artwork-images/original/MET-d5fe5ba8-076c-4abb-b814-4b500ff92bd6.jpg,"['landscape', 'curtains']","The painting depicts Mary Capel and her sister Elizabeth, seated together in a richly adorned setting. Mary holds a small floral wreath, and Elizabeth presents a framed flower image, both dressed in opulent gowns with flowing drapery, set against a landscape view and lush curtains.",MET,"Sir Peter Lely's style is characteristic of the Baroque period, with rich textures and dramatic lighting. The painting showcases meticulous attention to the drapery's folds and colors, creating a sense of depth and luxury. Soft facial expressions and detailed features capture the elegance and refinement typical of aristocratic portraiture from the 17th century.","['Baroque', 'portrait', 'drapery', 'texture', 'rich colors']",['Canvas'],"[10, 40, 133, 1018, 312, 247, 23, 77, 150, 7, 171]","['Baroque', 'Portrait', 'Drapery', 'Texture', 'Rich Colors', 'Aristocracy', 'Elegance', 'Identity', 'Femininity', 'Mary Capel', 'Elizabeth', 'Landscape', 'Curtain']","The artwork emphasizes status, beauty, and identity, portraying the sisters in an elegant pose. The floral wreath and framed flower suggest femininity and perhaps the transient nature of beauty.","['aristocracy', 'elegance', 'identity', 'femininity']",https://aicurator.blob.core.windows.net/artwork-images/thumbnails/MET-d5fe5ba8-076c-4abb-b814-4b500ff92bd6.jpg,"Mary Capel (1630–1715), Later Duchess of Beaufort, and Her Sister Elizabeth (1633–1678), Countess of Carnarvon"
23,671ab10f30a4d989185d0b7b,Robert,Hubert,5.0,MET-53a2df5f-97a8-44fc-95ad-0d17544be8d5,1733.0,https://aicurator.blob.core.windows.net/artwork-images/compressed/MET-53a2df5f-97a8-44fc-95ad-0d17544be8d5.jpg,1779.0,1777.0,1808.0,68 3/4 x 48 3/4 in. (174.6 x 123.8 cm),Hubert Robert,https://images.metmuseum.org/CRDImages/ep/original/DP264496.jpg,Painting,A serene scene of nature and classical architecture.,Robert,['France'],"{'bathers': 'Figures in and around the pool engage in leisurely activities, embodying relaxation and enjoyment of nature.', 'rotunda': 'The grand rotunda features classical columns and serves as the centerpiece, conveying elegance and history.'}",Oil on canvas,['Oil'],"['Romanticism', 'Neoclassicism']",French,"['rotunda', 'bathers', 'statues', 'trees', 'water', 'steps', 'vases']",https://aicurator.blob.core.windows.net/artwork-images/original/MET-53a2df5f-97a8-44fc-95ad-0d17544be8d5.jpg,"['statues', 'trees', 'water', 'steps', 'vases']","The artwork depicts a tranquil bathing pool surrounded by lush greenery and a grand, classical rotunda. Figures are seen in and around the pool, engaging in leisurely activities. Statues and ornate architectural elements enhance the scene's elegance.",MET,"This painting demonstrates a blend of Romanticism and Neoclassicism, characterized by its vivid portrayal of nature and classical architecture. The colors are rich and lush, typical of Romantic landscapes, while the detailed architectural elements reflect Neoclassical influence. The composition is carefully balanced, creating an idyllic and serene atmosphere.","['Romanticism', 'Neoclassicism', 'landscape', 'classical']",['Canvas'],"[27, 54, 7, 69, 93, 1, 6, 1268, 329, 3, 89, 870, 554]","['Romanticism', 'Neoclassicism', 'Landscape', 'Classical', 'Leisure', 'Nature', 'Harmony', 'Rotunda', 'Bathers', 'Statue', 'Trees', 'Water', 'Steps', 'Vases']","The artwork explores themes of leisure, beauty, and harmony between nature and classical ideals. It invites reflection on the peaceful coexistence of human activities with their environment.","['leisure', 'nature', 'harmony', 'classical']",https://aicurator.blob.core.windows.net/artwork-images/thumbnails/MET-53a2df5f-97a8-44fc-95ad-0d17544be8d5.jpg,The Bathing Pool
24,671ab11030a4d989185d0c74,Tura,Cosmè,1974.0,MET-f9b8bdff-847f-4232-b8cb-ee8f94a57dd2,1433.0,https://aicurator.blob.core.windows.net/artwork-images/compressed/MET-f9b8bdff-847f-4232-b8cb-ee8f94a57dd2.jpg,1484.0,1484.0,1495.0,Overall 28 1/2 x 15 5/8 in. (72.4 x 39.7 cm); original size 28 1/4 x 12 5/8 in. (71.8 x 32.1 cm),Cosmè Tura (Cosimo di Domenico di Bonaventura),https://images.metmuseum.org/CRDImages/ep/original/DP121336.jpg,Painting,A serene depiction of a saint in ecclesiastical attire.,Bonaventura),['Italy'],"{""Bishop's miter"": ""Adorns the saint's head, signifying his ecclesiastical rank."", 'Pastoral staff': ""Held firmly in the saint's hand, symbolizing spiritual leadership and guidance."", 'Saint Louis': 'Dressed in regal ecclesiastical clothing, he embodies spiritual authority and humility.'}","Tempera on canvas, stretched over wood, transferred from wood, gold ground","['Tempera', 'Gold']",['Gothic'],Italian,"['Saint Louis', 'Pastoral staff', ""Bishop's miter""]",https://aicurator.blob.core.windows.net/artwork-images/original/MET-f9b8bdff-847f-4232-b8cb-ee8f94a57dd2.jpg,[],"The artwork portrays Saint Louis of Toulouse wearing a bishop's robes and miter. He holds a pastoral staff and stands against a golden background, embodying piety and humility.",MET,"The painting embraces a Gothic style with an emphasis on decorative detail and rich colors. The composition is balanced, focusing on the saint's solemn expression. The use of gold highlights the saint's sanctity, while subtle shading adds depth. The drapery is meticulously rendered, reflecting Tura's attention to fabric and texture.","['Gothic', 'decorative', 'rich colors', 'detailed']","['Canvas', 'Wood', 'Wood']","[86, 131, 312, 5, 346, 338, 350]","['Gothic', 'Decorative', 'Rich Colors', 'Detailed', 'Piety', 'Holiness', 'Humility', 'Saint Louis', 'Pastoral Staff', ""Bishop'S Miter""]","The theme centers on piety and holiness, capturing the spiritual dedication of Saint Louis. His gentle posture and somber expression convey a sense of devout humility.","['piety', 'holiness', 'humility']",https://aicurator.blob.core.windows.net/artwork-images/thumbnails/MET-f9b8bdff-847f-4232-b8cb-ee8f94a57dd2.jpg,Saint Louis of Toulouse
25,671ab11130a4d989185d0e16,Cranach,Lucas,14.0,MET-eb17f736-7f48-4153-a981-1c3c7df8a097,1472.0,https://aicurator.blob.core.windows.net/artwork-images/compressed/MET-eb17f736-7f48-4153-a981-1c3c7df8a097.jpg,1530.0,1528.0,1553.0,22 1/2 x 14 7/8 in. (57.2 x 37.8cm),Lucas Cranach the Elder,https://images.metmuseum.org/CRDImages/ep/original/DP159774.jpg,Painting,A dramatic biblical betrayal scene in a lush forest.,Elder,['Germany'],"{'Delilah': ""A woman in a red dress, cradling Samson's head, symbolizing intimacy and deceit."", 'Samson': 'A bearded man in deep slumber, representing strength made vulnerable by trust.', 'Soldiers': ""Men in armor hiding in the bushes, ready to exploit Samson's vulnerability.""}",Oil on beech,['Oil'],['Renaissance'],German,"['Delilah', 'Samson', 'Soldiers', 'castle', 'trees', 'foliage']",https://aicurator.blob.core.windows.net/artwork-images/original/MET-eb17f736-7f48-4153-a981-1c3c7df8a097.jpg,"['castle', 'trees', 'foliage']","The artwork depicts Delilah tenderly holding Samson's head in her lap as he sleeps, oblivious to the surrounding danger. Soldiers lurk in the bushes, ready to capture him. A richly detailed forest setting with a background castle adds depth and context to the narrative.",MET,"The painting features detailed brushwork and a rich, jewel-toned color palette typical of Northern Renaissance art. The meticulous depiction of textures, from foliage to fabrics, showcases the artist's precision. The composition emphasizes the emotional tension between the foreground figures and the suspenseful background scene, achieving a harmonious yet dramatic effect.","['Northern Renaissance', 'detailed', 'rich colors']",[],"[71, 5, 312, 556, 670, 180, 403, 3, 48, 28]","['Northern Renaissance', 'Detailed', 'Rich Colors', 'Betrayal', 'Vulnerability', 'Delilah', 'Samson', 'Soldiers', 'Castle', 'Trees', 'Foliage', 'Renaissance']","The theme centers on betrayal and vulnerability, highlighting a pivotal moment where trust is broken. This dramatic narrative examines the complexities of human relationships and the consequences of deception.","['betrayal', 'vulnerability']",https://aicurator.blob.core.windows.net/artwork-images/thumbnails/MET-eb17f736-7f48-4153-a981-1c3c7df8a097.jpg,Samson and Delilah
26,671ab11130a4d989185d0e23,Crivelli,Carlo,264.0,MET-d40bf9c7-c521-482f-85fb-3124ba9ac9fd,1457.0,https://aicurator.blob.core.windows.net/artwork-images/compressed/MET-d40bf9c7-c521-482f-85fb-3124ba9ac9fd.jpg,1472.0,1472.0,1495.0,38 1/4 x 12 3/4 in. (97.2 x 32.4 cm),Carlo Crivelli,https://images.metmuseum.org/CRDImages/ep/original/DT354152.jpg,Painting,Saint Dominic stands solemnly in a shimmering gold background.,Crivelli,['Italy'],"{'Saint Dominic': 'He is dressed in a traditional black cloak and white robe, embodying simplicity and piety.', 'book': 'Carried by the saint, representing wisdom and the teachings of the church.', 'lilies': 'Held by Saint Dominic, symbolizing purity and innocence within the religious context.'}","Tempera on wood, gold ground","['Tempera', 'Gold']",['Renaissance'],Italian,"['Saint Dominic', 'lilies', 'book']",https://aicurator.blob.core.windows.net/artwork-images/original/MET-d40bf9c7-c521-482f-85fb-3124ba9ac9fd.jpg,[],The painting depicts Saint Dominic clad in a black cloak over a white robe. He holds a branch of lilies in one hand and a book in the other. Behind him is a gilded background.,MET,"This artwork exemplifies the Italian Renaissance style with meticulous attention to detail and the use of rich color palettes, particularly gold. Crivelli's work often features delicate textures and ornate detailing, seen here in the halo and the folds of the garments, enhancing the spiritual essence and dignity of the saint.","['Renaissance', 'detailed', 'ornate', 'rich color']",['Wood'],"[28, 5, 103, 312, 112, 35, 246, 1083, 88]","['Renaissance', 'Detailed', 'Ornate', 'Rich Colors', 'Religion', 'Devotion', 'Purity', 'Saint Dominic', 'Lilies', 'Book']","The painting portrays religious devotion and purity, emphasizing Saint Dominic's piety and wisdom through symbolic elements like the lilies and the book.","['religion', 'devotion', 'purity']",https://aicurator.blob.core.windows.net/artwork-images/thumbnails/MET-d40bf9c7-c521-482f-85fb-3124ba9ac9fd.jpg,Saint Dominic
27,671ab11230a4d989185d0e7c,Bouts,Dieric,467.0,MET-f857adc9-c9ff-4e10-988a-0fa178d17807,1457.0,https://aicurator.blob.core.windows.net/artwork-images/compressed/MET-f857adc9-c9ff-4e10-988a-0fa178d17807.jpg,1465.0,1455.0,1475.0,8 3/4 x 7 in. (22.2 x 17.8 cm),Dieric Bouts,https://images.metmuseum.org/CRDImages/ep/original/DP-26282-001.jpg,Painting,An intimate portrayal of a devout donor.,Bouts,['Netherlands'],"{'donor': 'The kneeling donor is portrayed with a contemplative expression, signifying devotion and humility.', 'saint': 'A saint stands beside the donor, gently placing a comforting hand on his shoulder.'}",Oil on wood,['Oil'],['Northern Renaissance'],Netherlandish,"['donor', 'saint', 'robe']",https://aicurator.blob.core.windows.net/artwork-images/original/MET-f857adc9-c9ff-4e10-988a-0fa178d17807.jpg,['robe'],"The artwork depicts a donor kneeling in reverence beside a saint, who gently holds his shoulder. The setting is intimate, focusing on the donor's contemplative expression and the saint's comforting posture. The saint’s robe drapes elegantly, adding depth and texture.",MET,"Dieric Bouts employs oil painting techniques typical of the Northern Renaissance. The use of fine detail, rich colors, and realistic textures enhances the solemnity and spiritual resonance of the scene. The donor's facial expression is rendered with particular attention to portraying inner devotion, characteristic of Bouts' meticulous style. The composition's restraint and the subtle interplay of light and shadow contribute to the painting’s serene yet powerful presence.","['Northern Renaissance', 'realism', 'detailed', 'rich colors']",['Wood'],"[71, 2, 5, 312, 346, 35, 102, 1479, 1023, 787, 254]","['Northern Renaissance', 'Realism', 'Detailed', 'Rich Colors', 'Piety', 'Devotion', 'Faith', 'Spiritual Guidance', 'Donor', 'Saint', 'Robe']","The painting explores themes of piety, devotion, and the nurturing relationship between saints and believers. It reflects the transcendence and spiritual guidance that religious figures provide to the faithful.","['piety', 'devotion', 'faith', 'spiritual guidance']",https://aicurator.blob.core.windows.net/artwork-images/thumbnails/MET-f857adc9-c9ff-4e10-988a-0fa178d17807.jpg,A Donor Presented by a Saint
28,671ab11330a4d989185d0fc9,van Cleve,Joos,322.0,MET-ed440ac6-fc93-4eba-ac47-f9c0b2e8873b,1485.0,https://aicurator.blob.core.windows.net/artwork-images/compressed/MET-ed440ac6-fc93-4eba-ac47-f9c0b2e8873b.jpg,1530.0,1520.0,1541.0,Overall 28 3/8 x 21 1/4 in. (72.1 x 54 cm); painted surface 27 3/4 x 20 3/4 in. (70.5 x 52.7 cm),Joos van Cleve,https://images.metmuseum.org/CRDImages/ep/original/DT7241.jpg,Painting,A serene depiction of the Virgin and Child.,Cleve,['Netherlands'],"{'Baby Jesus': ""Rests peacefully in the Virgin's lap, symbolizing innocence and divinity."", 'Open Book': ""A book lies open on Mary's lap, symbolizing knowledge or holy scripture."", 'Virgin Mary': 'Depicted with a serene expression, she holds the Christ child, embodying divine motherhood.'}",Oil on wood,['Oil'],['Northern Renaissance'],Netherlandish,"['Virgin Mary', 'Baby Jesus', 'Open Book', 'fruit', 'landscape', 'castle', 'village', 'glass']",https://aicurator.blob.core.windows.net/artwork-images/original/MET-ed440ac6-fc93-4eba-ac47-f9c0b2e8873b.jpg,"['fruit', 'landscape', 'castle', 'village', 'glass']","The artwork features the Virgin Mary holding the baby Jesus in her lap. Mary wears an elegant cloak, keeping a gentle expression while the Christ child rests peacefully. A book and fruit are present.",MET,"The painting is marked by its delicate brushwork and attention to detail, characteristic of the Northern Renaissance. The color palette is rich, with vibrant reds and deep blues set against a lush landscape. The composition balances the divine figures with everyday objects, invoking a sense of intimacy.","['Northern Renaissance', 'detailed', 'realistic', 'rich colors']",['Wood'],"[71, 5, 208, 312, 38, 91, 167, 338, 118, 860, 1009, 306, 7, 403, 285, 599]","['Northern Renaissance', 'Detailed', 'Realistic', 'Rich Colors', 'Divinity', 'Innocence', 'Motherhood', 'Holiness', 'Virgin Mary', 'Child Jesus', 'Open Book', 'Fruits', 'Landscape', 'Castle', 'Village', 'Glass']",The artwork explores themes of divine maternity and innocence. The juxtaposition of sacred and domestic elements highlights the human aspects of the divine figures while maintaining their holiness.,"['divinity', 'innocence', 'motherhood', 'holiness']",https://aicurator.blob.core.windows.net/artwork-images/thumbnails/MET-ed440ac6-fc93-4eba-ac47-f9c0b2e8873b.jpg,Virgin and Child
29,671ab11330a4d989185d100d,Subleyras,Pierre Hubert,2131.0,MET-d39b167b-c037-4bf0-831d-f0ca0c8a7603,1699.0,https://aicurator.blob.core.windows.net/artwork-images/compressed/MET-d39b167b-c037-4bf0-831d-f0ca0c8a7603.jpg,1746.0,1746.0,1749.0,54 x 31 1/8 in. (137 x 79 cm),Pierre Hubert Subleyras,https://images.metmuseum.org/CRDImages/ep/original/DP151176.jpg,Painting,A grand religious ceremony unfolds majestically.,Subleyras,['France'],"{'Cherubs': 'Floating above, they symbolize divine presence and grace, enhancing the holy atmosphere.', 'Clergy': 'Grouped around Saint Basil, lending solemnity and focus to the religious ceremony.', 'Saint Basil': 'Central figure in white robes, he holds a chalice, symbolizing his sacred role during the mass.'}","Oil on canvas, transferred from canvas",['Oil'],['Baroque'],French,"['Saint Basil', 'Cherubs', 'Clergy', 'architectural columns', 'chalice', 'attendees']",https://aicurator.blob.core.windows.net/artwork-images/original/MET-d39b167b-c037-4bf0-831d-f0ca0c8a7603.jpg,"['architectural columns', 'chalice', 'attendees']","The artwork depicts Saint Basil performing a religious mass, surrounded by clergy and attendees in a grand architectural setting. Above, cherubs hover, adding a divine element to the scene.",MET,"This painting exemplifies the Baroque style through its dramatic use of lighting and intricate depiction of fabric and figures. The composition layers foreground, middle ground, and background seamlessly, directing the viewer's gaze through the solemn assembly. The use of balanced symmetry and rich color palette enhances the spiritual ambiance, highlighting the central figure of Saint Basil.","['Baroque', 'realism', 'dramatic lighting', 'rich colors']","['Canvas', 'Canvas']","[10, 2, 454, 312, 112, 1164, 38, 82, 274, 1656, 1093, 1694]","['Baroque', 'Realism', 'Dramatic Lighting', 'Rich Colors', 'Religion', 'Worship', 'Divinity', 'Community', 'Saint Basil', 'Cherubs', 'Clergy', 'Architectural Column', 'Chalice', 'Attendees']","The theme centers on the sanctity and solemnity of religious worship, capturing a moment of divine connection and community devotion.","['religion', 'worship', 'divinity', 'community']",https://aicurator.blob.core.windows.net/artwork-images/thumbnails/MET-d39b167b-c037-4bf0-831d-f0ca0c8a7603.jpg,The Mass of Saint Basil
30,671ab11330a4d989185d103c,,,1786.0,MET-df823268-ece5-42e0-8901-288edcd1ea52,,https://aicurator.blob.core.windows.net/artwork-images/compressed/MET-df823268-ece5-42e0-8901-288edcd1ea52.jpg,1899.0,1800.0,,13 3/4 x 10 1/2 in. (34.9 x 26.7 cm),German Painter,https://images.metmuseum.org/CRDImages/ep/original/DP-14274-013.jpg,Painting,A contemplative figure immersed in thought.,Painter,['Germany'],"{'man': 'The central figure is depicted with a thoughtful expression, wearing a turban and luxurious robe, suggesting wisdom.', 'pen': ""The reed pen in the man's hand indicates writing or annotating, reinforcing the scholarly theme."", 'scroll': ""Held in the man's hand, the scroll symbolizes learning and scholarly pursuits in the artwork.""}",Oil on canvas,['Oil'],"['orientalism', 'romanticism']",German,"['man', 'scroll', 'pen']",https://aicurator.blob.core.windows.net/artwork-images/original/MET-df823268-ece5-42e0-8901-288edcd1ea52.jpg,[],"The artwork portrays a man seated, wearing a red turban and a blue and brown robe. He is holding a scroll and a reed pen, suggesting a scholarly or philosophical pursuit.",MET,"The painting features a realistic style with careful attention to detail, as seen in the textures of the fabrics and the lifelike expression of the sitter. The lighting emphasizes the subject’s thoughtful pose, while the rich color palette and intricate brushwork enhance the depth and atmosphere.","['realism', 'detailed', 'rich colors']",['Canvas'],"[2, 5, 312, 52, 36, 313, 32, 148, 462, 27]","['Realism', 'Detailed', 'Rich Colors', 'Wisdom', 'Contemplation', 'Knowledge', 'Man', 'Scroll', 'Pen', 'Orientalism', 'Romanticism']","The theme explores wisdom and contemplation, representing the pursuit of knowledge. The setting and attire suggest a historical and cultural depth, inviting reflection on scholarly tradition.","['wisdom', 'contemplation', 'knowledge']",https://aicurator.blob.core.windows.net/artwork-images/thumbnails/MET-df823268-ece5-42e0-8901-288edcd1ea52.jpg,The Arab Sage
31,671ab11330a4d989185d1063,Martini,Simone,928.0,MET-fa5cff9c-08fd-4b27-9ed5-9aecf1bec4fe,1315.0,https://aicurator.blob.core.windows.net/artwork-images/compressed/MET-fa5cff9c-08fd-4b27-9ed5-9aecf1bec4fe.jpg,1329.0,1323.0,1344.0,Overall 22 5/8 x 15 in. (57.5 x 38.1 cm); painted surface 22 1/2 x 14 1/2 in. (57.2 x 36.8 cm),Simone Martini,https://images.metmuseum.org/CRDImages/rl/original/DP-29455-001.jpg,Painting,A serene depiction of a saint with a gold-leaf background.,Martini,['Italy'],"{'Saint Ansanus': 'A calm and composed figure, holding a flag, draped in a richly colored robe, symbolizing sanctity.', 'gold-leaf background': ""A radiant backdrop that emphasizes the saint's holiness and divine presence.""}","Tempera on wood, gold ground","['Tempera', 'Gold']",['Gothic'],Italian,"['Saint Ansanus', 'gold-leaf background', 'flag']",https://aicurator.blob.core.windows.net/artwork-images/original/MET-fa5cff9c-08fd-4b27-9ed5-9aecf1bec4fe.jpg,['flag'],"The artwork portrays Saint Ansanus with a calm and composed expression, holding a flag. He is dressed in a richly colored robe, symbolizing his sanctity, with a radiant gold-leaf background highlighting his holiness.",MET,"This artwork exemplifies the International Gothic style, characterized by its elegant and graceful figures, intricate patterns, and a lavish use of gold leaf. Simone Martini's use of delicate lines and rich colors adds a divine quality to the portrait, enhancing its spiritual atmosphere. The elongated figure and serene expression are hallmarks of the period, emphasizing the saint's ethereal presence.","['International Gothic', 'elegant', 'gold leaf', 'rich colors']",['Wood'],"[682, 85, 96, 312, 909, 338, 38, 652, 86]","['International Gothic', 'Elegant', 'Gold Leaf', 'Rich Colors', 'Sainthood', 'Holiness', 'Divinity', 'Saint Ansanus', 'Gold-Leaf Background', 'Flag', 'Gothic']","The painting explores themes of sainthood and holiness, emphasizing the divine nature and sanctity of Saint Ansanus. The use of gold highlights his spiritual elevation and purity.","['sainthood', 'holiness', 'divinity']",https://aicurator.blob.core.windows.net/artwork-images/thumbnails/MET-fa5cff9c-08fd-4b27-9ed5-9aecf1bec4fe.jpg,Saint Ansanus
32,671ab11630a4d989185d135b,Greco,El,348.0,TCMA-ca4a24a5-f022-4f0a-bccf-57593c8996e0,1541.0,https://aicurator.blob.core.windows.net/artwork-images/compressed/TCMA-ca4a24a5-f022-4f0a-bccf-57593c8996e0.jpg,1595.0,1590.0,1614.0,"{'framed': {'height': 1.6, 'width': 1.31, 'depth': 0.075}, 'unframed': {'height': 1.3, 'width': 1.0}}","El Greco (Spanish, 1541–1614)",https://openaccess-cdn.clevelandart.org/1926.247/1926.247_print.jpg,Painting,A deeply emotional depiction of a sacred ensemble.,Greco,['Spain'],"{'Child Jesus': 'Depicted with affection and innocence, symbolizing purity and divine love.', 'Holy Family': 'Central figures expressing tenderness and unity, their expressions communicate spiritual depth and harmony.', 'Mary Magdalen': 'Close to the Holy Family, adding an aspect of devotion and reverence to the scene.'}",oil on canvas,['Oil'],['mannerism'],Spanish,"['Holy Family', 'Mary Magdalen', 'Child Jesus', 'garments', 'fruit bowl']",https://aicurator.blob.core.windows.net/artwork-images/original/TCMA-ca4a24a5-f022-4f0a-bccf-57593c8996e0.jpg,"['garments', 'fruit bowl']","The painting depicts the Holy Family with Mary Magdalen, showcasing a tender moment of intimacy and spirituality. The figures are intimately close, each adorned in vibrant, flowing garments.",TCMA,"El Greco's style in this piece is characterized by elongated figures and dramatic poses, typical of Mannerism. The color palette is dominated by rich, deep hues that create a mystical atmosphere. His brushwork combines fine details with broad, energetic strokes, enhancing the emotional intensity. The composition uses dynamic diagonals to engage the viewer and draw attention to the faces and hands, emphasizing the spiritual connection between the figures. This unique combination of style and execution contributes to the painting's ethereal and contemplative aura.","['mannerism', 'dramatic', 'elongated', 'rich color', 'dynamic composition']",['Canvas'],"[269, 75, 1657, 312, 633, 256, 365, 9, 1505, 1148, 240, 270]","['Mannerism', 'Dramatic', 'Elongated', 'Rich Colors', 'Dynamic Composition', 'Divine Love', 'Unity', 'Spirituality', 'Holy Family', 'Saint Mary Magdalen', 'Infant Jesus', 'Garments', 'Fruit Bowl']","This artwork explores themes of divine love and sacred connection, emphasizing the sanctity and unity of the Holy Family, highlighted by Mary Magdalen's presence.","['divine love', 'unity', 'spirituality']",https://aicurator.blob.core.windows.net/artwork-images/thumbnails/TCMA-ca4a24a5-f022-4f0a-bccf-57593c8996e0.jpg,The Holy Family with Mary Magdalen
33,671ab11730a4d989185d14a3,Renoir,Pierre-Auguste,75.0,TCMA-4395b47d-a392-467a-ac79-70b7f75f5d10,1841.0,https://aicurator.blob.core.windows.net/artwork-images/compressed/TCMA-4395b47d-a392-467a-ac79-70b7f75f5d10.jpg,1902.0,1892.0,1919.0,"{'framed': {'height': 0.755, 'width': 0.855, 'depth': 0.1}, 'unframed': {'height': 0.546, 'width': 0.657}}","Pierre-Auguste Renoir (French, 1841–1919)",https://openaccess-cdn.clevelandart.org/1939.269/1939.269_print.jpg,Painting,Vibrant depiction of carefree bathers in nature.,Renoir,['France'],"{'bathers': 'Three women are seated on the shore, engaging playfully with each other and a crab, embodying carefree leisure.', 'crab': 'Positioned near the women, the small crab adds a playful element as they interact with it.'}",oil on fabric,['Oil'],['Impressionism'],French,"['bathers', 'crab', 'lake', 'trees', 'hats']",https://aicurator.blob.core.windows.net/artwork-images/original/TCMA-4395b47d-a392-467a-ac79-70b7f75f5d10.jpg,"['lake', 'trees', 'hats']","In this idyllic scene, a group of women bathers interact playfully with a crab beside a serene lake. The backdrop reveals lush landscapes and sparkling blue waters under a soft sky.",TCMA,"Renoir's characteristic fluid brushstrokes and soft color palette create a dreamlike quality. The use of tender pastels and warm tones enhances the sensuality and naturalism of the scene, typical of Impressionist techniques. The figures are gently modeled, blending harmoniously with their surroundings, achieving a radiant and lively atmosphere that captures fleeting moments of joy.","['Impressionism', 'soft brushstrokes', 'pastel colors']",['Fabric'],"[24, 223, 483, 93, 1, 588, 6, 1268, 1659, 397, 3, 601]","['Impressionism', 'Soft Brushstrokes', 'Pastel Colors', 'Leisure', 'Nature', 'Playfulness', 'Harmony', 'Bathers', 'Crab', 'Lake', 'Trees', 'Hats']","The artwork celebrates leisure, beauty, and the joy of human interaction with nature. Renoir captures a spontaneous moment of playful innocence, evoking themes of harmony and relaxation.","['leisure', 'nature', 'playfulness', 'harmony']",https://aicurator.blob.core.windows.net/artwork-images/thumbnails/TCMA-4395b47d-a392-467a-ac79-70b7f75f5d10.jpg,Bathers Playing with a Crab
34,671ab11730a4d989185d14ba,Tintoretto,Jacopo,546.0,TCMA-bb55f03f-0984-498a-9f1e-3b7f706582d1,1518.0,https://aicurator.blob.core.windows.net/artwork-images/compressed/TCMA-bb55f03f-0984-498a-9f1e-3b7f706582d1.jpg,1589.0,1580.0,1594.0,"{'framed': {'height': 2.0, 'width': 2.865, 'depth': 0.14}, 'unframed': {'height': 1.69, 'width': 2.514}}","Jacopo Tintoretto (Italian, 1518–1594)",https://openaccess-cdn.clevelandart.org/1950.400/1950.400_print.jpg,Painting,A radiant depiction of a sacred baptismal moment.,Tintoretto,['Italy'],"{'Angels': 'Hovering near Christ, they add a celestial and divine presence to the scene.', 'Christ': 'Central figure kneeling in the water, his posture reflects humility and receptiveness.', 'Divine Light': 'Shining from the heavens, symbolizing divine approval and presence.', 'John the Baptist': 'Standing figure pouring water over Christ, symbolizing the act of baptism.'}",oil on canvas,['Oil'],['Mannerism'],Italian,"['Christ', 'John the Baptist', 'Angels', 'Divine Light', 'cherubs', 'river', 'landscape']",https://aicurator.blob.core.windows.net/artwork-images/original/TCMA-bb55f03f-0984-498a-9f1e-3b7f706582d1.jpg,"['cherubs', 'river', 'landscape']","The artwork portrays the baptism of Christ by John the Baptist. Christ is kneeling in the river, while John pours water over his head. Angels, cherubs, and divine light from above enhance the sacred atmosphere.",TCMA,"This painting reflects the Mannerist style, marked by its dramatic composition and rich color palette. The figures are elongated, and the scene is full of movement and emotion, enhanced by dynamic poses and the play of light, creating a heightened sense of spirituality and drama.","['Mannerism', 'dramatic', 'rich colors', 'elongated figures']",['Canvas'],"[269, 75, 312, 1216, 38, 325, 102, 120, 392, 125, 1647, 274, 29, 7]","['Mannerism', 'Dramatic', 'Rich Colors', 'Elongated Figures', 'Divinity', 'Baptism', 'Transformation', 'Faith', 'Christ', 'Saint John The Baptist', 'Angels', 'Divine Light', 'Cherubs', 'River', 'Landscape']","The painting explores themes of divinity, humility, and transformation. It highlights the spiritual act of baptism as a pivotal moment of divine grace and human faith.","['divinity', 'baptism', 'transformation', 'faith']",https://aicurator.blob.core.windows.net/artwork-images/thumbnails/TCMA-bb55f03f-0984-498a-9f1e-3b7f706582d1.jpg,Baptism of Christ
35,671ab11730a4d989185d1518,Vuillard,Edouard,624.0,TCMA-b8fd74bb-7c3d-4dc2-855a-1b3a449f4069,1868.0,https://aicurator.blob.core.windows.net/artwork-images/compressed/TCMA-b8fd74bb-7c3d-4dc2-855a-1b3a449f4069.jpg,1899.0,1897.0,1940.0,"{'unframed': {'height': 0.288, 'width': 0.275}}","Edouard Vuillard (French, 1868–1940)",https://openaccess-cdn.clevelandart.org/1958.57/1958.57_print.jpg,Painting,An intimate scene within a dim café.,Vuillard,['France'],"{'café_table': 'A small table with two figures around it, partially hidden, suggesting a private conversation.'}","oil on board, laid on cradled panel",['Oil'],"['Nabis', 'Post-Impressionism']",French,"['café_table', 'column', 'background figures', 'café interior']",https://aicurator.blob.core.windows.net/artwork-images/original/TCMA-b8fd74bb-7c3d-4dc2-855a-1b3a449f4069.jpg,"['column', 'background figures', 'café interior']","The painting depicts a cozy, dimly lit café interior. Two figures sit at a small table in discussion, partially obscured by a column. Warm, muted colors envelop the scene, creating an intimate atmosphere.",TCMA,"The artwork features Vuillard's characteristic use of dark, rich colors and soft, layered brushstrokes. The composition is intimate and somewhat ambiguous, with shadowy figures merging into the background. This style, often associated with the Nabis movement, focuses on mood and emotion rather than strict realism, conveying a sense of privacy and introspection.","['Nabis', 'intimate', 'emotional', 'muted', 'rich colors']","['Board', 'Panel']","[1425, 538, 662, 436, 312, 149, 224, 330, 36, 146, 833, 123]","['Nabis', 'Intimate', 'Emotional', 'Muted', 'Rich Colors', 'Intimacy', 'Daily Life', 'Social Interaction', 'Contemplation', 'Café Table', 'Columns', 'Background Figures', 'Café Interior', 'Post-Impressionism']","The painting captures the quiet, introspective atmosphere of a café, emphasizing daily life and social interaction. Vuillard's use of shadow and light suggests a contemplative mood.","['intimacy', 'daily life', 'social interaction', 'contemplation']",https://aicurator.blob.core.windows.net/artwork-images/thumbnails/TCMA-b8fd74bb-7c3d-4dc2-855a-1b3a449f4069.jpg,At the Café
36,671ab11930a4d989185d1708,,,,TCMA-951c69fb-dc1f-4d47-ac9b-12ea0f62aeb3,,https://aicurator.blob.core.windows.net/artwork-images/compressed/TCMA-951c69fb-dc1f-4d47-ac9b-12ea0f62aeb3.jpg,1565.0,1555.0,,"{'overall': {'height': 0.203, 'width': 0.14}, 'painting only': {'height': 0.115, 'width': 0.098}}",,https://openaccess-cdn.clevelandart.org/1962.279.54.b/1962.279.54.b_print.jpg,Painting,A regal scene of silence and reverence.,,,"{'king': 'Seated on an ornate throne, the king gestures towards his son with authority and expectation.', 'prince': 'Kneeling before the king, the prince is dressed in bright, royal attire, embodying silence and respect.', 'teacher': 'Standing beside the prince, demonstrating guidance and support in this royal presentation.'}","gum tempera, ink, and gold on paper","['Tempera', 'Ink', 'Gold']",['Persian miniature'],,"['king', 'prince', 'teacher', 'noblemen', 'textiles', 'flora', 'attendants']",https://aicurator.blob.core.windows.net/artwork-images/original/TCMA-951c69fb-dc1f-4d47-ac9b-12ea0f62aeb3.jpg,"['noblemen', 'textiles', 'flora', 'attendants']","The illustration shows a young prince being presented to his father, the king, by his teacher. The prince sits silently, surrounded by attendants and noblemen, amidst an opulent setting of rich textiles and elegant flora.",TCMA,"This artwork features the intricate, detailed style characteristic of Persian miniature paintings. Rich colors, especially gold, red, and blue, dominate the composition, highlighting the grandeur of the scene. Delicate line work and meticulous detailing of textiles and patterns add a sense of luxury and richness. The figures are carefully balanced, with a strong hierarchical composition that emphasizes the king’s importance, reflecting traditional storytelling techniques and aesthetics.","['Persian miniature', 'detailed', 'rich colors', 'intricate']",['Paper'],"[155, 5, 312, 83, 124, 92, 140, 539, 472, 516, 674, 111]","['Persian Miniature', 'Detailed', 'Rich Colors', 'Intricate', 'Authority', 'Silence', 'Family', 'Royalty', 'King', 'Prince', 'Teacher', 'Noblemen', 'Textiles', 'Flora', 'Attendants']","The theme revolves around authority, silence, and familial relationships, exploring the dynamics between the obedient son and the expectant father in a royal setting.","['authority', 'silence', 'family', 'royalty']",https://aicurator.blob.core.windows.net/artwork-images/thumbnails/TCMA-951c69fb-dc1f-4d47-ac9b-12ea0f62aeb3.jpg,"The young prince is presented to the king, his father, by his teacher, but refuses to speak, from a Tuti-nama (Tales of a Parrot): Eighth Night"
37,671ab11b30a4d989185d194f,Caruelle d' Aligny,Théodore,1803.0,TCMA-62af033e-464f-40bd-b70a-e48a202ed713,1798.0,https://aicurator.blob.core.windows.net/artwork-images/compressed/TCMA-62af033e-464f-40bd-b70a-e48a202ed713.jpg,1861.0,1860.0,1871.0,"{'framed': {'height': 0.585, 'width': 0.605, 'depth': 0.08}, 'unframed': {'height': 0.375, 'width': 0.41}}","Théodore Caruelle d' Aligny (French, 1798–1871)",https://openaccess-cdn.clevelandart.org/1980.4/1980.4_print.jpg,Painting,A serene landscape of bathers by the river.,Aligny,['France'],"{'bathers': 'Figures depicted relaxing and bathing, suggesting peaceful interaction with nature.', 'river': 'A calm river reflects the mood of leisure and serenity, central to the composition.', 'trees': 'Lush trees frame the scene, contributing to the sense of tranquility and natural beauty.'}",oil on wood panel,['Oil'],['Romanticism'],French,"['bathers', 'trees', 'river', 'mountains', 'grass']",https://aicurator.blob.core.windows.net/artwork-images/original/TCMA-62af033e-464f-40bd-b70a-e48a202ed713.jpg,"['mountains', 'grass']",The artwork depicts a tranquil scene with figures bathing in a river surrounded by lush greenery and a distant mountainous backdrop. The atmosphere exudes calm and leisure.,TCMA,"The painting employs soft brushstrokes and a harmonious color palette dominated by greens and blues, typical of Romanticism. The composition is balanced, with an emphasis on naturalism and idealized beauty. Shadows and light are skillfully rendered to create depth, enhancing the serene and idyllic ambiance.","['Romanticism', 'naturalism', 'landscape']","['Wood', 'Panel']","[27, 21, 7, 1, 93, 30, 1268, 3, 29, 14, 108]","['Romanticism', 'Naturalism', 'Landscape', 'Nature', 'Leisure', 'Serenity', 'Bathers', 'Trees', 'River', 'Mountains', 'Grass']","The artwork explores themes of nature and leisure, highlighting humanity’s communion with the landscape. It suggests a moment of peace and introspection within the embrace of nature.","['nature', 'leisure', 'serenity']",https://aicurator.blob.core.windows.net/artwork-images/thumbnails/TCMA-62af033e-464f-40bd-b70a-e48a202ed713.jpg,"The Bathers, Souvenir of the Banks of the Anio River at Tivoli"
38,671ab11e30a4d989185d1bb0,,,2494.0,TCMA-b5c50262-8c1a-4491-b602-c59319970533,,https://aicurator.blob.core.windows.net/artwork-images/compressed/TCMA-b5c50262-8c1a-4491-b602-c59319970533.jpg,1520.0,1500.0,,"{'framed': {'height': 1.15, 'width': 1.15, 'depth': 0.08}, 'unframed': {'height': 0.86, 'width': 0.835}}",Master of the Holden Tondo (Italian),https://openaccess-cdn.clevelandart.org/1916.791/1916.791_print.jpg,Painting,A serene depiction of the Madonna with child and angels.,Tondo,['Italy'],"{'Angel 1': 'To the left, dressed in green, hands clasped in prayer, symbolizing devotion.', 'Angel 2': 'To the right, dressed in brown, with hands clasped, enhancing the sacred atmosphere.', 'Christ Child': ""Depicted as a young, cherubic baby, seated in Mary's lap, reaching out to her."", 'Virgin Mary': 'Central figure wearing a deep red robe, holding the baby Jesus with a tender expression.'}",oil on wood,['Oil'],['Renaissance'],Italian,"['Virgin Mary', 'Christ Child', 'Angel 1', 'Angel 2']",https://aicurator.blob.core.windows.net/artwork-images/original/TCMA-b5c50262-8c1a-4491-b602-c59319970533.jpg,[],"The artwork portrays the Virgin Mary holding the Christ Child, flanked by two angels. The composition is circular, with Mary at the center, tenderly cradling her child. The angels are depicted with serene expressions, adding to the sacredness of the scene.",TCMA,"This work is characterized by its detailed and delicate brushwork typical of the Renaissance period. The artist employs rich, deep colors and balanced composition to create a sense of harmony and divine light. The use of chiaroscuro adds depth, highlighting the gentle expressions and intricate drapery.","['Renaissance', 'chiaroscuro', 'balanced composition', 'rich colors']",['Wood'],"[28, 16, 424, 312, 256, 380, 118, 197]","['Renaissance', 'Chiaroscuro', 'Balanced Composition', 'Rich Colors', 'Divine Love', 'Maternal Tenderness', 'Sanctity', 'Virgin Mary', 'Christ Child']","The painting explores themes of divine love and maternal affection. It emphasizes the sanctity and tenderness of the relationship between Mary and Jesus, enhanced by the angelic presence.","['divine love', 'maternal affection', 'sanctity']",https://aicurator.blob.core.windows.net/artwork-images/thumbnails/TCMA-b5c50262-8c1a-4491-b602-c59319970533.jpg,Virgin and Child with Angels
39,671ab11e30a4d989185d1bc5,Diaz de la Peña,Narcisse,307.0,TCMA-55b1b41d-9cf6-489a-bfbf-82476da7bc6d,1807.0,https://aicurator.blob.core.windows.net/artwork-images/compressed/TCMA-55b1b41d-9cf6-489a-bfbf-82476da7bc6d.jpg,1857.0,1847.0,1876.0,"{'unframed': {'height': 0.218, 'width': 0.326}}","Narcisse Diaz de la Peña (French, 1807–1876)",https://openaccess-cdn.clevelandart.org/1916.1051/1916.1051_print.jpg,Painting,Tranquil scene of bathers in a lush landscape.,Peña,['France'],"{'bathers': 'Three women seated on the grass, their figures softly illuminated, forming the focal point of the composition.', 'landscape': 'Lush trees and gentle hills provide a calming and picturesque backdrop to the scene.'}",oil on wood,['Oil'],['Barbizon'],French,"['bathers', 'landscape', 'clouds', 'water']",https://aicurator.blob.core.windows.net/artwork-images/original/TCMA-55b1b41d-9cf6-489a-bfbf-82476da7bc6d.jpg,"['clouds', 'water']","The painting depicts a serene group of women sitting near a tranquil body of water surrounded by lush greenery. Gentle clouds and trees form a peaceful backdrop, enhancing the idyll of the bathers engaged in quiet contemplation or conversation.",TCMA,"The artwork embodies the Barbizon school style, characterized by loose brushwork and soft, natural lighting. The earthy color palette with muted greens, browns, and blues complements the tranquil rural setting. The composition focuses on natural beauty, seamlessly blending figures into the landscape and enhancing the serene atmosphere.","['Barbizon', 'naturalism', 'landscape']",['Wood'],"[343, 21, 7, 1, 8, 6, 1268, 11, 89]","['Barbizon', 'Naturalism', 'Landscape', 'Nature', 'Tranquility', 'Harmony', 'Bathers', 'Clouds', 'Water']","The theme revolves around the harmony between humans and nature, conveying tranquility and a deeper connection to the natural world. The peaceful setting invites the viewer to ponder the beauty of solitude and reflection.","['nature', 'tranquility', 'harmony']",https://aicurator.blob.core.windows.net/artwork-images/thumbnails/TCMA-55b1b41d-9cf6-489a-bfbf-82476da7bc6d.jpg,The Bathers
